USE [master]
GO
CREATE DATABASE [AlprApp]
GO
ALTER DATABASE [AlprApp] SET COMPATIBILITY_LEVEL = 130
GO
IF (1 = FULLTEXTSERVICEPROPERTY('IsFullTextInstalled'))
begin
EXEC [AlprApp].[dbo].[sp_fulltext_database] @action = 'enable'
end
GO
ALTER DATABASE [AlprApp] SET ANSI_NULL_DEFAULT OFF 
GO
ALTER DATABASE [AlprApp] SET ANSI_NULLS OFF 
GO
ALTER DATABASE [AlprApp] SET ANSI_PADDING OFF 
GO
ALTER DATABASE [AlprApp] SET ANSI_WARNINGS OFF 
GO
ALTER DATABASE [AlprApp] SET ARITHABORT OFF 
GO
ALTER DATABASE [AlprApp] SET AUTO_CLOSE OFF 
GO
ALTER DATABASE [AlprApp] SET AUTO_SHRINK OFF 
GO
ALTER DATABASE [AlprApp] SET AUTO_UPDATE_STATISTICS ON 
GO
ALTER DATABASE [AlprApp] SET CURSOR_CLOSE_ON_COMMIT OFF 
GO
ALTER DATABASE [AlprApp] SET CURSOR_DEFAULT  GLOBAL 
GO
ALTER DATABASE [AlprApp] SET CONCAT_NULL_YIELDS_NULL OFF 
GO
ALTER DATABASE [AlprApp] SET NUMERIC_ROUNDABORT OFF 
GO
ALTER DATABASE [AlprApp] SET QUOTED_IDENTIFIER OFF 
GO
ALTER DATABASE [AlprApp] SET RECURSIVE_TRIGGERS OFF 
GO
ALTER DATABASE [AlprApp] SET  DISABLE_BROKER 
GO
ALTER DATABASE [AlprApp] SET AUTO_UPDATE_STATISTICS_ASYNC OFF 
GO
ALTER DATABASE [AlprApp] SET DATE_CORRELATION_OPTIMIZATION OFF 
GO
ALTER DATABASE [AlprApp] SET TRUSTWORTHY OFF 
GO
ALTER DATABASE [AlprApp] SET ALLOW_SNAPSHOT_ISOLATION OFF 
GO
ALTER DATABASE [AlprApp] SET PARAMETERIZATION SIMPLE 
GO
ALTER DATABASE [AlprApp] SET READ_COMMITTED_SNAPSHOT OFF 
GO
ALTER DATABASE [AlprApp] SET HONOR_BROKER_PRIORITY OFF 
GO
ALTER DATABASE [AlprApp] SET RECOVERY FULL 
GO
ALTER DATABASE [AlprApp] SET  MULTI_USER 
GO
ALTER DATABASE [AlprApp] SET PAGE_VERIFY CHECKSUM  
GO
ALTER DATABASE [AlprApp] SET DB_CHAINING OFF 
GO
ALTER DATABASE [AlprApp] SET FILESTREAM( NON_TRANSACTED_ACCESS = OFF ) 
GO
ALTER DATABASE [AlprApp] SET TARGET_RECOVERY_TIME = 60 SECONDS 
GO
ALTER DATABASE [AlprApp] SET DELAYED_DURABILITY = DISABLED 
GO
ALTER DATABASE [AlprApp] SET QUERY_STORE = OFF
GO
USE [AlprApp]
GO
ALTER DATABASE SCOPED CONFIGURATION SET LEGACY_CARDINALITY_ESTIMATION = OFF;
GO
ALTER DATABASE SCOPED CONFIGURATION SET MAXDOP = 0;
GO
ALTER DATABASE SCOPED CONFIGURATION SET PARAMETER_SNIFFING = ON;
GO
ALTER DATABASE SCOPED CONFIGURATION SET QUERY_OPTIMIZER_HOTFIXES = OFF;
GO
USE [AlprApp]
GO
/****** Object:  Schema [Vidyano]    Script Date: 07/05/2020 13:05:21 ******/
CREATE SCHEMA [Vidyano]
GO
/****** Object:  Table [dbo].[__EFMigrationsHistory]    Script Date: 07/05/2020 13:05:21 ******/
SET ANSI_NULLS ON
GO
SET QUOTED_IDENTIFIER ON
GO
CREATE TABLE [dbo].[__EFMigrationsHistory](
	[MigrationId] [nvarchar](150) NOT NULL,
	[ProductVersion] [nvarchar](32) NOT NULL,
 CONSTRAINT [PK___EFMigrationsHistory] PRIMARY KEY CLUSTERED 
(
	[MigrationId] ASC
)WITH (PAD_INDEX = OFF, STATISTICS_NORECOMPUTE = OFF, IGNORE_DUP_KEY = OFF, ALLOW_ROW_LOCKS = ON, ALLOW_PAGE_LOCKS = ON) ON [PRIMARY]
) ON [PRIMARY]
GO
/****** Object:  Table [dbo].[__MigrationHistory]    Script Date: 07/05/2020 13:05:21 ******/
SET ANSI_NULLS ON
GO
SET QUOTED_IDENTIFIER ON
GO
CREATE TABLE [dbo].[__MigrationHistory](
	[MigrationId] [nvarchar](150) NOT NULL,
	[ContextKey] [nvarchar](300) NOT NULL,
	[Model] [varbinary](max) NOT NULL,
	[ProductVersion] [nvarchar](32) NOT NULL,
 CONSTRAINT [PK_dbo.__MigrationHistory] PRIMARY KEY CLUSTERED 
(
	[MigrationId] ASC,
	[ContextKey] ASC
)WITH (PAD_INDEX = OFF, STATISTICS_NORECOMPUTE = OFF, IGNORE_DUP_KEY = OFF, ALLOW_ROW_LOCKS = ON, ALLOW_PAGE_LOCKS = ON) ON [PRIMARY]
) ON [PRIMARY] TEXTIMAGE_ON [PRIMARY]
GO
/****** Object:  Table [dbo].[Car]    Script Date: 07/05/2020 13:05:21 ******/
SET ANSI_NULLS ON
GO
SET QUOTED_IDENTIFIER ON
GO
CREATE TABLE [dbo].[Car](
	[CarID] [int] IDENTITY(1,1) NOT NULL,
	[CompanyID] [int] NOT NULL,
	[LicensePlate] [nvarchar](max) NULL,
 CONSTRAINT [PK_dbo.Car] PRIMARY KEY CLUSTERED 
(
	[CarID] ASC
)WITH (PAD_INDEX = OFF, STATISTICS_NORECOMPUTE = OFF, IGNORE_DUP_KEY = OFF, ALLOW_ROW_LOCKS = ON, ALLOW_PAGE_LOCKS = ON) ON [PRIMARY]
) ON [PRIMARY] TEXTIMAGE_ON [PRIMARY]
GO
/****** Object:  Table [dbo].[Company]    Script Date: 07/05/2020 13:05:21 ******/
SET ANSI_NULLS ON
GO
SET QUOTED_IDENTIFIER ON
GO
CREATE TABLE [dbo].[Company](
	[CompanyID] [int] IDENTITY(1,1) NOT NULL,
	[Name] [nvarchar](max) NULL,
	[Street] [nvarchar](max) NULL,
	[Number] [nvarchar](max) NULL,
	[PostalCode] [nvarchar](max) NULL,
 CONSTRAINT [PK_dbo.Company] PRIMARY KEY CLUSTERED 
(
	[CompanyID] ASC
)WITH (PAD_INDEX = OFF, STATISTICS_NORECOMPUTE = OFF, IGNORE_DUP_KEY = OFF, ALLOW_ROW_LOCKS = ON, ALLOW_PAGE_LOCKS = ON) ON [PRIMARY]
) ON [PRIMARY] TEXTIMAGE_ON [PRIMARY]
GO
/****** Object:  Table [dbo].[Message]    Script Date: 07/05/2020 13:05:21 ******/
SET ANSI_NULLS ON
GO
SET QUOTED_IDENTIFIER ON
GO
CREATE TABLE [dbo].[Message](
	[MessageID] [int] IDENTITY(1,1) NOT NULL,
	[PersonCarID] [int] NOT NULL,
	[PremadeMessageID] [int] NULL,
	[Text] [nvarchar](max) NULL,
 CONSTRAINT [PK_dbo.Message] PRIMARY KEY CLUSTERED 
(
	[MessageID] ASC
)WITH (PAD_INDEX = OFF, STATISTICS_NORECOMPUTE = OFF, IGNORE_DUP_KEY = OFF, ALLOW_ROW_LOCKS = ON, ALLOW_PAGE_LOCKS = ON) ON [PRIMARY]
) ON [PRIMARY] TEXTIMAGE_ON [PRIMARY]
GO
/****** Object:  Table [dbo].[Person]    Script Date: 07/05/2020 13:05:21 ******/
SET ANSI_NULLS ON
GO
SET QUOTED_IDENTIFIER ON
GO
CREATE TABLE [dbo].[Person](
	[PersonID] [int] IDENTITY(1,1) NOT NULL,
	[FristName] [nvarchar](max) NULL,
	[LastName] [nvarchar](max) NULL,
	[Email] [nvarchar](max) NULL,
 CONSTRAINT [PK_dbo.Person] PRIMARY KEY CLUSTERED 
(
	[PersonID] ASC
)WITH (PAD_INDEX = OFF, STATISTICS_NORECOMPUTE = OFF, IGNORE_DUP_KEY = OFF, ALLOW_ROW_LOCKS = ON, ALLOW_PAGE_LOCKS = ON) ON [PRIMARY]
) ON [PRIMARY] TEXTIMAGE_ON [PRIMARY]
GO
/****** Object:  Table [dbo].[PersonCar]    Script Date: 07/05/2020 13:05:21 ******/
SET ANSI_NULLS ON
GO
SET QUOTED_IDENTIFIER ON
GO
CREATE TABLE [dbo].[PersonCar](
	[PersonCarID] [int] IDENTITY(1,1) NOT NULL,
	[PersonID] [int] NOT NULL,
	[CarID] [int] NOT NULL,
	[StartDate] [datetime] NOT NULL,
	[EndDate] [datetime] NOT NULL,
 CONSTRAINT [PK_dbo.PersonCar] PRIMARY KEY CLUSTERED 
(
	[PersonCarID] ASC
)WITH (PAD_INDEX = OFF, STATISTICS_NORECOMPUTE = OFF, IGNORE_DUP_KEY = OFF, ALLOW_ROW_LOCKS = ON, ALLOW_PAGE_LOCKS = ON) ON [PRIMARY]
) ON [PRIMARY]
GO
/****** Object:  Table [dbo].[PremadeMessage]    Script Date: 07/05/2020 13:05:21 ******/
SET ANSI_NULLS ON
GO
SET QUOTED_IDENTIFIER ON
GO
CREATE TABLE [dbo].[PremadeMessage](
	[PremadeMessageID] [int] IDENTITY(1,1) NOT NULL,
	[Text] [nvarchar](max) NULL,
 CONSTRAINT [PK_dbo.PremadeMessage] PRIMARY KEY CLUSTERED 
(
	[PremadeMessageID] ASC
)WITH (PAD_INDEX = OFF, STATISTICS_NORECOMPUTE = OFF, IGNORE_DUP_KEY = OFF, ALLOW_ROW_LOCKS = ON, ALLOW_PAGE_LOCKS = ON) ON [PRIMARY]
) ON [PRIMARY] TEXTIMAGE_ON [PRIMARY]
GO
/****** Object:  Table [Vidyano].[CacheUpdates]    Script Date: 07/05/2020 13:05:21 ******/
SET ANSI_NULLS ON
GO
SET QUOTED_IDENTIFIER ON
GO
CREATE TABLE [Vidyano].[CacheUpdates](
	[Id] [uniqueidentifier] NOT NULL,
	[Timestamp] [datetimeoffset](7) NOT NULL,
	[Data] [varbinary](max) NOT NULL,
	[Change] [tinyint] NULL,
	[Value] [nvarchar](max) NULL,
 CONSTRAINT [PK_CacheUpdates] PRIMARY KEY CLUSTERED 
(
	[Id] ASC
)WITH (PAD_INDEX = OFF, STATISTICS_NORECOMPUTE = OFF, IGNORE_DUP_KEY = OFF, ALLOW_ROW_LOCKS = ON, ALLOW_PAGE_LOCKS = ON) ON [PRIMARY]
) ON [PRIMARY] TEXTIMAGE_ON [PRIMARY]
GO
/****** Object:  Table [Vidyano].[Feedbacks]    Script Date: 07/05/2020 13:05:21 ******/
SET ANSI_NULLS ON
GO
SET QUOTED_IDENTIFIER ON
GO
CREATE TABLE [Vidyano].[Feedbacks](
	[Id] [uniqueidentifier] NOT NULL,
	[Type] [nvarchar](100) NOT NULL,
	[Comment] [nvarchar](max) NOT NULL,
	[Screenshot] [varbinary](max) NULL,
	[User] [nvarchar](255) NOT NULL,
	[CreatedOn] [datetimeoffset](7) NOT NULL,
 CONSTRAINT [PK_Feedbacks] PRIMARY KEY CLUSTERED 
(
	[Id] ASC
)WITH (PAD_INDEX = OFF, STATISTICS_NORECOMPUTE = OFF, IGNORE_DUP_KEY = OFF, ALLOW_ROW_LOCKS = ON, ALLOW_PAGE_LOCKS = ON) ON [PRIMARY]
) ON [PRIMARY] TEXTIMAGE_ON [PRIMARY]
GO
/****** Object:  Table [Vidyano].[Groups]    Script Date: 07/05/2020 13:05:21 ******/
SET ANSI_NULLS ON
GO
SET QUOTED_IDENTIFIER ON
GO
CREATE TABLE [Vidyano].[Groups](
	[Id] [uniqueidentifier] NOT NULL,
	[Name] [nvarchar](255) NOT NULL,
	[IsSystem] [bit] NOT NULL,
	[CreationDate] [datetimeoffset](7) NOT NULL,
	[TwoFactorRequired] [bit] NOT NULL,
 CONSTRAINT [PK_Groups] PRIMARY KEY CLUSTERED 
(
	[Id] ASC
)WITH (PAD_INDEX = OFF, STATISTICS_NORECOMPUTE = OFF, IGNORE_DUP_KEY = OFF, ALLOW_ROW_LOCKS = ON, ALLOW_PAGE_LOCKS = ON) ON [PRIMARY]
) ON [PRIMARY]
GO
/****** Object:  Table [Vidyano].[Logs]    Script Date: 07/05/2020 13:05:21 ******/
SET ANSI_NULLS ON
GO
SET QUOTED_IDENTIFIER ON
GO
CREATE TABLE [Vidyano].[Logs](
	[ExternalId] [uniqueidentifier] NOT NULL,
	[UserId] [uniqueidentifier] NULL,
	[CreatedOn] [datetimeoffset](3) NOT NULL,
	[Type] [tinyint] NOT NULL,
	[Message] [nvarchar](max) NOT NULL,
	[Id] [bigint] IDENTITY(1,1) NOT NULL,
 CONSTRAINT [PK_Logs] PRIMARY KEY CLUSTERED 
(
	[Id] ASC
)WITH (PAD_INDEX = OFF, STATISTICS_NORECOMPUTE = OFF, IGNORE_DUP_KEY = OFF, ALLOW_ROW_LOCKS = ON, ALLOW_PAGE_LOCKS = ON) ON [PRIMARY]
) ON [PRIMARY] TEXTIMAGE_ON [PRIMARY]
GO
/****** Object:  Table [Vidyano].[RegisteredStreams]    Script Date: 07/05/2020 13:05:21 ******/
SET ANSI_NULLS ON
GO
SET QUOTED_IDENTIFIER ON
GO
CREATE TABLE [Vidyano].[RegisteredStreams](
	[Id] [uniqueidentifier] NOT NULL,
	[Key] [nvarchar](max) NOT NULL,
	[PersistentObjectId] [uniqueidentifier] NOT NULL,
	[ValidUntil] [datetimeoffset](7) NOT NULL,
 CONSTRAINT [PK_RegisteredStreams] PRIMARY KEY CLUSTERED 
(
	[Id] ASC
)WITH (PAD_INDEX = OFF, STATISTICS_NORECOMPUTE = OFF, IGNORE_DUP_KEY = OFF, ALLOW_ROW_LOCKS = ON, ALLOW_PAGE_LOCKS = ON) ON [PRIMARY]
) ON [PRIMARY] TEXTIMAGE_ON [PRIMARY]
GO
/****** Object:  Table [Vidyano].[Settings]    Script Date: 07/05/2020 13:05:21 ******/
SET ANSI_NULLS ON
GO
SET QUOTED_IDENTIFIER ON
GO
CREATE TABLE [Vidyano].[Settings](
	[Key] [nvarchar](255) NOT NULL,
	[Value] [nvarchar](max) NULL,
	[Description] [nvarchar](4000) NULL,
	[DataType] [nvarchar](255) NULL,
	[IsSystem] [bit] NOT NULL,
 CONSTRAINT [PK_Settings] PRIMARY KEY CLUSTERED 
(
	[Key] ASC
)WITH (PAD_INDEX = OFF, STATISTICS_NORECOMPUTE = OFF, IGNORE_DUP_KEY = OFF, ALLOW_ROW_LOCKS = ON, ALLOW_PAGE_LOCKS = ON) ON [PRIMARY]
) ON [PRIMARY] TEXTIMAGE_ON [PRIMARY]
GO
/****** Object:  Table [Vidyano].[UserGroup]    Script Date: 07/05/2020 13:05:21 ******/
SET ANSI_NULLS ON
GO
SET QUOTED_IDENTIFIER ON
GO
CREATE TABLE [Vidyano].[UserGroup](
	[Users_Id] [uniqueidentifier] NOT NULL,
	[Groups_Id] [uniqueidentifier] NOT NULL,
 CONSTRAINT [PK_UserGroup] PRIMARY KEY CLUSTERED 
(
	[Users_Id] ASC,
	[Groups_Id] ASC
)WITH (PAD_INDEX = OFF, STATISTICS_NORECOMPUTE = OFF, IGNORE_DUP_KEY = OFF, ALLOW_ROW_LOCKS = ON, ALLOW_PAGE_LOCKS = ON) ON [PRIMARY]
) ON [PRIMARY]
GO
/****** Object:  Table [Vidyano].[UserNotifications]    Script Date: 07/05/2020 13:05:21 ******/
SET ANSI_NULLS ON
GO
SET QUOTED_IDENTIFIER ON
GO
CREATE TABLE [Vidyano].[UserNotifications](
	[Id] [uniqueidentifier] NOT NULL,
	[UserId] [uniqueidentifier] NOT NULL,
	[CreatedOn] [datetimeoffset](7) NOT NULL,
	[CreatedBy] [uniqueidentifier] NULL,
	[Message] [nvarchar](max) NOT NULL,
	[VisibleOn] [datetimeoffset](7) NOT NULL,
	[Read] [bit] NOT NULL,
	[Archived] [bit] NOT NULL,
	[PropagationChannels] [int] NOT NULL,
	[IsPropagated] [bit] NOT NULL,
	[Action] [nvarchar](2000) NULL,
	[IconUrl] [nvarchar](max) NULL,
 CONSTRAINT [PK_Vidyano_UserNotifications] PRIMARY KEY CLUSTERED 
(
	[Id] ASC
)WITH (PAD_INDEX = OFF, STATISTICS_NORECOMPUTE = OFF, IGNORE_DUP_KEY = OFF, ALLOW_ROW_LOCKS = ON, ALLOW_PAGE_LOCKS = ON) ON [PRIMARY]
) ON [PRIMARY] TEXTIMAGE_ON [PRIMARY]
GO
/****** Object:  Table [Vidyano].[UserProfiles]    Script Date: 07/05/2020 13:05:21 ******/
SET ANSI_NULLS ON
GO
SET QUOTED_IDENTIFIER ON
GO
CREATE TABLE [Vidyano].[UserProfiles](
	[Id] [uniqueidentifier] NOT NULL,
	[Profile] [nvarchar](max) NOT NULL,
 CONSTRAINT [PK_UserProfiles] PRIMARY KEY CLUSTERED 
(
	[Id] ASC
)WITH (PAD_INDEX = OFF, STATISTICS_NORECOMPUTE = OFF, IGNORE_DUP_KEY = OFF, ALLOW_ROW_LOCKS = ON, ALLOW_PAGE_LOCKS = ON) ON [PRIMARY]
) ON [PRIMARY] TEXTIMAGE_ON [PRIMARY]
GO
/****** Object:  Table [Vidyano].[Users]    Script Date: 07/05/2020 13:05:21 ******/
SET ANSI_NULLS ON
GO
SET QUOTED_IDENTIFIER ON
GO
CREATE TABLE [Vidyano].[Users](
	[Id] [uniqueidentifier] NOT NULL,
	[Name] [nvarchar](255) NOT NULL,
	[FriendlyName] [nvarchar](max) NULL,
	[PasswordHash] [varchar](max) NOT NULL,
	[Language] [varchar](10) NOT NULL,
	[CultureInfo] [varchar](10) NULL,
	[Version] [varchar](100) NOT NULL,
	[CreationDate] [datetimeoffset](7) NOT NULL,
	[LastLoginDate] [datetimeoffset](7) NULL,
	[IsEnabled] [bit] NOT NULL,
	[TwoFactorToken] [varchar](100) NULL,
	[ResetPasswordNextLogin] [bit] NOT NULL,
 CONSTRAINT [PK_Users] PRIMARY KEY CLUSTERED 
(
	[Id] ASC
)WITH (PAD_INDEX = OFF, STATISTICS_NORECOMPUTE = OFF, IGNORE_DUP_KEY = OFF, ALLOW_ROW_LOCKS = ON, ALLOW_PAGE_LOCKS = ON) ON [PRIMARY]
) ON [PRIMARY] TEXTIMAGE_ON [PRIMARY]
GO
/****** Object:  Table [Vidyano].[UserSettings]    Script Date: 07/05/2020 13:05:21 ******/
SET ANSI_NULLS ON
GO
SET QUOTED_IDENTIFIER ON
GO
CREATE TABLE [Vidyano].[UserSettings](
	[Id] [uniqueidentifier] NOT NULL,
	[Settings] [nvarchar](max) NOT NULL,
 CONSTRAINT [PK_UserSettings] PRIMARY KEY CLUSTERED 
(
	[Id] ASC
)WITH (PAD_INDEX = OFF, STATISTICS_NORECOMPUTE = OFF, IGNORE_DUP_KEY = OFF, ALLOW_ROW_LOCKS = ON, ALLOW_PAGE_LOCKS = ON) ON [PRIMARY]
) ON [PRIMARY] TEXTIMAGE_ON [PRIMARY]
GO
INSERT [dbo].[__EFMigrationsHistory] ([MigrationId], [ProductVersion]) VALUES (N'20200430125213_Initial', N'3.1.3')
GO
INSERT [dbo].[__MigrationHistory] ([MigrationId], [ContextKey], [Model], [ProductVersion]) VALUES (N'202003200912407_Add-Person-Class', N'AlprApp.Migrations.Configuration', 0x1F8B0800000000000400CD55CB6EDB3010BC17E83F08BCC7B4934B6BC8095C3B2902D47111B9B933D24A21CA57C955107D5B0FFDA4FE4257B2E467E338410F3D8A1C0E676787ABDF3F7FC5174F5A458FE083B466C406BD3E8BC0A43693A618B112F3930FECE2FCFDBBF832D34FD15D873BAB7174D284117B407443CE43FA005A849E96A9B7C1E6D84BADE622B3FCB4DFFFC807030E44C1882B8AE2DBD2A0D4D07CD0E7C49A141C9642CD6C062AB4EBB49334ACD18DD0109C4861C42EB5C38A456325055D9E80CA59248CB12890A40DBF0548D05B53248E16845A540E08970B15A0953C5CC38F55DF3FADD5F3F5C18E2A2D035AFD4AC2C1596B07DF3DFE2653D9CA2E32EC928CC58A0C45210DF8C6B9111B2BE7C7CE2D371B8F570816ED8AA83D9C28DF3A87BE24E3F8BA257CD993AE77FC99E6C533E11CA568A399ED4A942C3B3939495E5FAF5E72F0341C2A7B75135A2F0AD8D9A5AB49E995F401A702C5BDA8A331C9F41EECA06D9B96B4F7AD3CD9A93D6E75BC9CEE3D614B088BBE7AFB28B35A54520504DDAB01BDE4879A280906D78099303287800BFB1D288E94B6D39DD7F2FF24978790A923E2FB97761D08E4BED931DF1C38F114822C887D63FC1848EB2AD6A41DE6DAE496AC75E0B14A0037B576906EBB153B031419E91C7B94B94891B6530881E2C0A23BA1CA6686DD43766DE625BA12C72180BE57D5764D87EF6F5EDDB6E678EEEAAFF02F4A2099924A80B9F9544A95AD745F2DA7283F82A26ED967A0F5261D349289AEA8564C37D61C49D4DA37050726A3A42F403B4564616E12F1086FD146F3ED0B1422ADBA37F33CC9CB8DD8B63D9E4A5178A143CBB13E5FFF4479FD173DFF0364CA7F8377070000, N'6.1.3-40302')
GO
INSERT [dbo].[__MigrationHistory] ([MigrationId], [ContextKey], [Model], [ProductVersion]) VALUES (N'202003200929260_Add-Person-Class', N'AlprApp.Migrations.Configuration', 0x1F8B0800000000000400CD57CB6EE33614DD17E83F085CB54046CC63D306F20C5C3B2E8CC68931CACC9E96AE1DA214A99294617FDB2CFA49FD855EEAFD881D3B339816D938E4E5B9E7BEAFFEF9F277F06197086F0BDA702547E4CABF241EC848C55C6E4624B3EB77BF900FEF7FFC21B88B939DF7B992BB7172F8529A1179B636BDA5D444CF9030E3273CD2CAA8B5F5239550162B7A7D79F92BBDBAA2801004B13C2FF89849CB13C8FFC17F274A4690DA8C89858A4198F21C6FC21CD57B600998944530226391EA719AFA21E82D8F807863C119D20841AC89C7A45496592479FBC94068B5929B30C503269EF629A0DC9A090325F9DB46FC543B2EAF9D1DB47958414599B12A3913F0EAA6740CED3F7F937B49ED3874DD1DBAD8EE9DD5B9FB466489D173C07D55B713A19DD8C0B7FE3872F7C62F5E5E78E5FD459D08982FEEEFC29B64C2661A461232AB99B8F096D94AF0E80FD83FA93F418E6426449B1DF2C3BBCE011E2DB54A41DBFD47587738CFA7C4A3DDD7B4FFBC7E3C7859D83697F6E69A780F4884AD04D489D0F243689586DF41826616E225B31634C6711E43EECA01879EC699E6C6BA9F954A4C3F2C23E22DD8EE1EE4C63E8F08FE24DE8CEF20AE4E4A1A9F24C7AAC3475667F09AA67BF69D14DD258C8B6FAC25A04D660EF3155B81651C4350322853AEB8CCBB432DF1422663CD97C96C4AD55DF30A98106C27490CF11A4A4527F1AB62798979CDA0E953B468545543A3073A5AB060698A4E6C75B8F2C40B8BF63679179E5FFA49814123F34207A8D9D69A30CDD9067AB7A81A99CEB83676CA2C5B3117C6499C0CC48E45E480B72BCD5DA7F7ABBF894125EF7E77D2A0EE4C65787A108D3B67686182659B1B0B3591BA090E1EE6B38609A60FB691891259228FB7A56348ADF6D0866A1D9F8ED534803654737A3A5259E16D98F2688811D09E77FB11A48310F69A763F238E15575FA4D65E1759AF988232B15FDF2106995E88100F9DB3E5B1CBF2706F2C24BE13F0C3BFC44470B4B7115830C9D7606C31DD084EF2EBDE26F2FFD90AA831B1386935F84F073477FE7D75040FE6F79933596E998E9E99FE2961BB9FDB706F99BB5F05D699AD67209D373F874DFD948978642016A53222F14A21F982E412542A0ED03C61580EEB36A0ED2F84600A866F1A08F7BD2021DF4D1BD04A662ED7AAF2349AD5665489F402B100CB62F4CE585BBE6691C5EB088CC9779DCF4C6479AC5610CFE56366D3CC8E8D8164253AFB60408FEBCF37822EE7E031CDB7EB6F6102D2E468023CCADF322EE29AF76C582387205CA2948587AC70D743B8CDBE467A50F244A0D27D534841BAB27D82241508661E65C8B6F0166EB8D6DDC38645FBAAFD1E06793D105DB70753CE369A25A6C468DEBBAF5EEA3E7BDFFF0BC8CFFBF9280F0000, N'6.1.3-40302')
GO
INSERT [dbo].[__MigrationHistory] ([MigrationId], [ContextKey], [Model], [ProductVersion]) VALUES (N'202003200948321_Add-Company-Class', N'AlprApp.Migrations.Configuration', 0x1F8B0800000000000400CD58DB6EE336107D2FD07F10F8D40259339797369077E1DA7111344E8C5576DF6969EC10A54895A482F8DBFAD04FEA2F7474BFF922C789531830ECD1CC99E170AEFAF7EF7FDC2F2FA1709E411BAEE4905C0CCE8903D2570197AB2189EDF2D32FE4CBE71F7F706F82F0C5F95EF05D257C2829CD903C591B5D536AFC2708991984DCD7CAA8A51DF82AA42C50F4F2FCFC577A714101210862398EFB3596968790FEC1BF63257D886CCCC44C05204C4EC7275E8AEADCB3104CC47C18929188F4288A061EE867EE037146823334C303B1240E93525966D1C8EB6F063CAB955C79111298785C47807C4B260CE4C65F57EC7DCF717E999C83568205941F1BABC203012FAE72C7D0B6F8ABDC4B4AC7A1EB6ED0C5769D9C3A75DF908C551831B9264E5BD7F558E884AFE3DCC1C84F9E9B412E7AE6E40C67652860C4249F33671C0B1B6B184A88AD66E2CC99C70BC1FD3F60FDA8FE043994B11075FBD0427CD6202069AE5504DAAEBFC2B269F5ED8438B4294EDBF2A57457343BDEADB45797C4B94753D84240190C3557785669F81D2468662198336B41E35DDE0690BAB363444B65F25D68C3E8C32C22CE8CBDDC815CD9A721C19FC499F217080A4A6EC137C931E950C8EA18F629416000FBEE6AEEE37001FADDD5CC95B14C8C91FF8D55B9B44A819D8931C7584E32EEF0BCC8243F222D32CDAFC98A4AF2544931D5DCD89364C61D3B91A29B907171D278C51E6919C72BC82DC8432E7B98B6CD926343246333CC83D9E4AA9BC7CB603CB08DD2C9C110A7322A6BB283B28FD0DD1859A06D4228126ED3E9CB53544300CDA680625AA05BC60577C6A2082FA2363EE414C7CB6687F127EFF0BE1A6618D4371BDA6B696DA9095385ADA0F53471680053AE8D9D30CB162C0985711076D876DDEA166F179ADB17D7AE21D52D1412C9EF463095F5ADB8E21646E5D1291E32C4EC4FCF0BA52DD590D1914C87392698DEDEA4C74AC4A1DCD3F6776165A95F87C928FD118AD65AC7286807D89177CE862539AD3F4ABD31D691EAF42E9A4B5B57D48E03DA09845603694756AFB82B92FD98A8CBCBC2E141B74D70AB67CB16D8F0EB9696BA0BA9D6DAEA5035727FACAA79D5A12A6A7FA4BC3BD56172D289E3A553D4DB2CA5F6B2B8B78AB89B17D4FD8B61A7C2662CC441E73CF320A9AEDEDA58080709C3C0FB4B8C05C7F3560C332C9C4B30369BCC08AE6797ADF5F2FFB3EA516302D16FDFFBE0A58B272EDE3B4176C6CFFE7B967C66DA7F62FAA790BDFC5C473A7C973A0AAAB92F1D05D5DD890E803B74EFF9D0EDE35DA2A3B3701C7519EDA5E228B0C6E2F06697DA5E0EBAD3669F717FBD6BD8CFAAE990040B85E66766D6B6845EBBC08E556013FC1C5424B6F8A1C79AD0ED1C2EADBF78742760F8AA82485E434A4837FB0AB4E0B9954B555C251EAB6E51C1D2BAE9195816A0FB47DAF225F32D3EF6C1987453FCCE449C06C302825BF910DB28B62363205C88C65EE5D2DDFAD35DA869B3FB10A5EF26DEE2086826C723C083FC2DE62228ED9E7693701B4412897966A355586D116EB52E91EE95EC0994BB6F0211C8A42E3C42180904330FD263CFF01ADB7029BE8315F3D7C500B01D64FF4534DDEE4E385B69169A1CA3924F5EA6D3E46DFAE7FF0079962F617F170000, N'6.1.3-40302')
GO
INSERT [dbo].[__MigrationHistory] ([MigrationId], [ContextKey], [Model], [ProductVersion]) VALUES (N'202003200956094_Add-PremadeMessage-Class', N'AlprApp.Migrations.Configuration', 0x1F8B0800000000000400CD59DB6EE336107D2FD07F10F4D402592B9797369077E13A4911344E8C55B2EFB434768852A44A5281FD6DFBD04FEA2F747497285B96ED385E04086C8A73381C9ED11C8EFFFBFEAFFB651932EB0DA4A2820FED8BC1B96D01F74540F96268C77AFEE937FBCBE79F7F726F8370697D2BE65D25F3D092ABA1FDAA7574ED38CA7F8590A841487D299498EB812F428704C2B93C3FFFDDB9B87000216CC4B22CF76BCC350D21FD825FC782FB10E998B0890880A97C1C9F7829AAF548425011F161688F5824475134F040BE511F6C6BC42841373C6073DB229C0B4D343A79FDA2C0D352F08517E10061CFAB0870DE9C3005B9F3D7D5F4BEFB38BF4CF6E1548605941F2B2DC21D012FAEF2C038A6F95EE1B5CBC061E86E31C47A95EC3A0DDFD01E8B30227C655BE65AD763269379ADE00E467EF25C0D72D3332B9F705652011993FC9D59E398E958C29043AC256167D6349E31EAFF05AB67F137F0218F19ABFB871EE2B3C6000E4DA58840EAD5579837BDBEBFB12DA769EE98F6A575DB34DBDE3DD75797B6F588AE901983920CB550785A48F8133848A2219812AD41E259DE079086B3E584B164F2BF580DD98759645B13B27C00BED0AF431B3FDAD61D5D42508CE41EBC708A4987465AC6B06D110406D0475FE6310E67208FBECC54284DD818E7BFF352AE53A54067624C91CB49C6ED9E1799E529D2225B799FACA82C3F2A29EE2455FA4332E3817CD042B721A1EC647C95580A0298805264017BF1B6817012FE363CD88BC72D848FE2F3332CDFFBEDDB7DF6A88F34A1E86EEE407E5CD9C354329533D6B00185504E08952FDDDC5D06E3816E944D0ACAB62AA7328135283584D38D91BD64D621142FDB6D008DD35D0B6464C1BA709661A914A59349CA427A3A1BB4A73B215184275BD3A2F988E5654274FCC9DB5DA4851986E3AB355AADF4B65C09798A7B339E262714C01D954ADF104D6624E1D638085BD3BA68B221FAC5CA2613CC84AE4EA3B0483E37D859BE740ACE18185544EF709321A65EBA5F287DA9146BCB32BD191046E466C537162C0EF9160DD98595D5913A4C36D21FA1D069758C626C073F7219D6F0241FEB8F52575975A4FA781BCD758C233279E0B48860BCC54D66F5E25DF1F6388475F97B6677D26D32DC18D9524F35E2BA419F7521D574521DAA36DC1FAB524275A86AB43F522E75EA30F9D08FC317A3581CC49B6659D9833F5B0036F2A8A5671A7CDAA297BA9033BD5247CB463EF8FC5A45D99C52AE5E1667A308BB7941DCDE256A55C86C8A6D6168DE689054476FA534848364C2C0FB878D19C5FD56132658F8E6A0742673EDCBF38B4BA3D7F4E3F47D1CA502D6AFF973E20E0C4D42BC557EB7B47BFFA60B7F23D27F25F297902C7FAD23EDDE583908AAD93C3908AADD20D9016ED726C8495B11476147ABFB70D061981D8683C01A5D84A31C6A472D3AF53DFD28875DBF9ABF5B40CDEB77FBFAD5E742BDEABA4E67E56968073381EE676ED6EEE1BD6EDB1D97ED75F05310116B07B4FB22DEE31EBE762DF336BFE765BD5DFF5DA7FE5B927B038A2E2A88E497250E69D3AB022DE6DCF3B928E883FBAD7B544C31D835014D023CF391D4744E7C8D8F7DDC52DA00FA46589CA6F40C827BFE14EB28D623A5209CB146BBC475BAD74F3B124D9FDDA7286DDBBDC716D04D8A5B8027FE474C5950FA7DD7CEAE4D1009FDF39445AFB06622DC6255223D0ADE13280FDF0D44C093847F86306208A69EB847DE601FDF5E143CC082F8AB42C66D06D97E10CDB0BB37942C2409558E51D927BF8F3AC90FA49FFF07E56DDE6A521D0000, N'6.1.3-40302')
GO
INSERT [dbo].[__MigrationHistory] ([MigrationId], [ContextKey], [Model], [ProductVersion]) VALUES (N'202003201007467_Add-Car-Class', N'AlprApp.Migrations.Configuration', 0x1F8B0800000000000400CD59DB6EE336107D2FD07F10F4D402592B9797369077E13A4911344E8C55B2EFB434768852A44A5281FD6DFBD04FEA2F747497285B96ED385E04086C8A73381C9ED11C8EFFFBFEAFFB651932EB0DA4A2820FED8BC1B96D01F74540F96268C77AFEE937FBCBE79F7F726F8370697D2BE65D25F3D092ABA1FDAA7574ED38CA7F8590A841487D299498EB812F428704C2B93C3FFFDDB9B87000216CC4B22CF76BCC350D21FD825FC782FB10E998B0890880A97C1C9F7829AAF548425011F161688F5824475134F040BE511F6C6BC42841373C6073DB229C0B4D343A79FDA2C0D352F08517E10061CFAB0870DE9C3005B9F3D7D5F4BEFB38BF4CF6E1548605941F2B2DC21D012FAEF2C038A6F95EE1B5CBC061E86E31C47A95EC3A0DDFD01E8B30227C655BE65AD763269379ADE00E467EF25C0D72D3332B9F705652011993FC9D59E398E958C29043AC256167D6349E31EAFF05AB67F137F0218F19ABFB871EE2B3C6000E4DA58840EAD5579837BDBEBFB12DA769EE98F6A575DB34DBDE3DD75797B6F588AE901983920CB550785A48F8133848A2219812AD41E259DE079086B3E584B164F2BF580DD98759645B13B27C00BED0AF431B3FDAD61D5D42508CE41EBC708A4987465AC6B06D110406D0475FE6310E67208FBECC54284DD818E7BFF352AE53A54067624C91CB49C6ED9E1799E529D2225B799FACA82C3F2A29EE2455FA4332E3817CD042B721A1EC647C95580A0298805264017BF1B6817012FE363CD88BC72D848FE2F3332CDFFBEDDB7DF6A88F34A1E86EEE407E5CD9C354329533D6B00185504E08952FDDDC5D06E3816E944D0ACAB62AA7328135283584D38D91BD64D621142FDB6D008DD35D0B6464C1BA709661A914A59349CA427A3A1BB4A73B215184275BD3A2F988E5654274FCC9DB5DA4851986E3AB355AADF4B65C09798A7B339E262714C01D954ADF104D6624E1D638085BD3BA68B221FAC5CA2613CC84AE4EA3B0483E37D859BE740ACE18185544EF709321A65EBA5F287DA9146BCB32BD191046E466C537162C0EF9160DD98595D5913A4C36D21FA1D069758C626C073F7219D6F0241FEB8F52575975A4FA781BCD758C233279E0B48860BCC54D66F5E25DF1F6388475F97B6677D26D32DC18D9524F35E2BA419F7521D574521DAA36DC1FAB524275A86AB43F522E75EA30F9D08FC317A3581CC49B6659D9833F5B0036F2A8A5671A7CDAA297BA9033BD5247CB463EF8FC5A45D99C52AE5E1667A308BB7941DCDE256A55C86C8A6D6168DE689054476FA534848364C2C0FB878D19C5FD56132658F8E6A0742673EDCBF38B4BA3D7F4E3F47D1CA502D6AFF973E20E0C4D42BC557EB7B47BFFA60B7F23D27F25F297902C7FAD23EDDE583908AAD93C3908AADD20D9016ED726C8495B11476147ABFB70D061981D8683C01A5D84A31C6A472D3AF53DFD28875DBF9ABF5B40CDEB77FBFAD5E742BDEABA4E67E56968073381EE676ED6EEE1BD6EDB1D97ED75F05310116B07B4FB22DEE31EBE762DF336BFE765BD5DFF5DA7FE5B927B038A2E2A88E497250E69D3AB022DE6DCF3B928E883FBAD7B544C31D835014D023CF391D4744E7C8D8F7DDC52DA00FA46589CA6F40C827BFE14EB28D623A5209CB146BBC475BAD74F3B124D9FDDA7286DDBBDC716D04D8A5B8027FE474C5950FA7DD7CEAE4D1009FDF39445AFB06622DC6255223D0ADE13280FDF0D44C093847F86306208A69EB847DE601FDF5E143CC082F8AB42C66D06D97E10CDB0BB37942C2409558E51D927BF8F3AC90FA49FFF07E56DDE6A521D0000, N'6.1.3-40302')
GO
INSERT [dbo].[__MigrationHistory] ([MigrationId], [ContextKey], [Model], [ProductVersion]) VALUES (N'202003201008236_Add-Car-Class', N'AlprApp.Migrations.Configuration', 0x1F8B0800000000000400D55ADB6EE336107D2FD07F10F4D416592BC9BEB481BD8BD4498AA0B9187176D1B705238D1DA214A5925460A3E897F5A19FD45FE850778A927C8B9D2D16582414E77038738697C3FCFBF73FC38F8B90392F20248DF8C83D191CBB0E703F0A289F8FDC44CDDEFDE87EFCF0ED37C3CB205C389F8B7EEF753FB4E472E43E2B159F799EF49F21247210525F44329AA9811F851E0922EFF4F8F827EFE4C403847011CB71860F09573484F417FC751C711F629510761B05C064DE8E5FA629AA7347429031F161E49EB3589CC7F1600AE285FAE03AE78C1274630A6CE63A84F34811854E9E7D92305522E2F3698C0D843D2E63C07E33C224E4CE9F55DDD79DC7F1A99E87571916507E2255146E0878F23E0F8CD734DF2ABC6E19380CDD2586582DF5ACD3F08DDC3111AED31CE76CCC84EE63057670EEEBEF728066474EFEF1A8A4003245FF3B72C60953898011874409C28E9C49F2C4A8FF2B2C1FA3DF818F78C258DD2FF40CBF190DD83411510C422D1F6056797B7DE13A9E69EA356D4B4BD32C9BD23557EF4F5DE70E5D204F0CCAE4D7A63F5591805F8083200A8209510A04E6EE3A80347C9603CDE1A230267CB97AC87E981B0C38973061E8448184E4C522749D5BB2B8013E57CF23177F749D2BBA80A068C9D13F718A358B464A24F66077E485CED3E9B67BEF3A0FC0D2EFF299C65929E9B47F29BF5F89287C885816DFA2F9CB344A84AEC0C7C8FEF648C41C94E9CAD0AB38D9CFD462DC2DD89A99BE09632B2E6CCCDA7569F47ACCD5FFBF3ED51A8320306816EC7998BB247C02B1F761269154848DB1FF2B0FB576614C90CB7A6FD8BC2E32CBB7288B6CE46DAAA2B23C54515C092AD5412AE3861C68A0CB9050F6667C15786809E016A42473D88AB706C29BF0D7F0602B1E5B0887E2F3232C5E7BF5EDCAFDB994914F53AFABA358798230BDBCE481D3739CC8DCCD0F21E8302696C6984A1C75E4FE60CDB91DAD3880D4D18A63858978622162F241E808EBD59E4BA413E5CA660AE53E8D09EB1EBC61B2D9A94187BA1CA3F9E50262E09A04DD71DC79F0728C06DD574567E8D5B8602F0F68A3D00244EE435ED1D9C7F4FE57F6685930F05697AF19326767930C1A660AAA22A1749D8AB27562593C6A98A6C1A1D06A5F50690546B685B521145BF92A0063ED68056AACB10DC05A2E8CA85487FB5A8F96B37F9316FDB55BBA5F44DEA2557FB5D6EDABF037175C734E2D8B53C9A04A49F03229A1901CBC0ECD61784BE218D7C99A0691B738D34C8018BF9B6E7E390F330CCF972D77F4D2DB72245CF531978DAF3A24015C5121D50551E489E8957A1C8456B7BE8AEA605B3172AD68ECC415C42B3AEB9F8D1A2E776F5D5EF6FA93DB5DE1DC42BD74A59B9BC918DB2A15810823A2FDA23F8E5812F21EC9A017A35AFE0C9CEE55B11BCBBCC2D7E1CC2F36E2D06B04C65A89ADD037EAA199C6F5925CD6D74E996E5F26D6C97697E521B2951DBDEB3059CBFA08C5D5B68E51B46DE0477E73353CC9DBD647A95F4CEB48F5F6AF8677C596B80BEBF2CD7373D275197646B6BC821A71EDB8D2F621D5AE9675A85AF3066B0D6983AA5AD747CA6F877598BCE9EBE14BE304B4136FCCB3D216FC5901D0C923EB0A68F069C515B30F39BBE2D5D1B29603E7CF3A7935BB94A39727B0C6496B989F7A563F0159C7A0AC8BEB60685E68A08F40D3A554100E7487C1F40F366614E75B75B8C58D6F065265CA807B7A7C72DA7848FA7A1E753C2903B6FA65E78D9E58A80EEB4A9562C3E7104B0E4F47B1EE82D7783B5D8CDC3F53AB33E7FAB72FA5E191732F30CF67CEB1F3D7ABBCC6F01722FC6722BE0BC9E2FB3AE20EEA58BB3872F0B786BDA4B0AE6D6E10BB554F083B4199CF043B41D94F01FB2048DB69E5D0A2FB5ED861E9EC3B25A3A9A5EF0466E8E57B496ACF11E2AD15E9BD24BB2E42BF4240B7149A0BB56B1B3DD8D0AC3617A8B793933B2FD67BD490FF37A2B1AD84AD9481BB54E0ECF0387283A708539BB1B14DBBECD087977DEA702B76A7AED92E1EF768C76DF013886266D764BFAEBC86ACDC3A56539C3E9CF66CC6DE10945668CE4D917A3FF2B27D99C11AA8FDD51B569FA4F30A42FF0D1C07DF607FD9E79ACFA2A20E1B1E155D1A6BEE2D281260699C0B4567C457F8D9C72CA50F809F094BD28DEE09826B7E9FA838513865089F98113C5DCC7DE3A71ABAE9F3F03E4E9F6D5F630AE826C529C03DFF39A12C28FDBEB2F79C2E08BD4AE41B99CEA5D21BDA7C5922DD457C4DA03C7CE5E2F60861AC6F07F29E4FC90B6CE3DB2709373027FEB2B8937683AC4E8419F6E10525734142996354F6F82B723808171FFE03FAF629F8FC290000, N'6.1.3-40302')
GO
INSERT [dbo].[__MigrationHistory] ([MigrationId], [ContextKey], [Model], [ProductVersion]) VALUES (N'202003201012420_Add-PersonCar-Class', N'AlprApp.Migrations.Configuration', 0x1F8B0800000000000400DD5BDB6EE336107D2FD07F10F4D416592BC9BEB481BD8BD4498AA0B9214E167D0B188971844A944A52818DA25FD6877E527FA1A4AEBC49D6CD76BA2850381479389C39E40C39B3FFFEFDCFF4F32A0CAC3788891FA1997D3439B42D88DCC8F3D1726627F4E5C38FF6E74FDF7E333DF7C295F5A5E8F791F763231199D9AF94C6278E43DC57180232097D1747247AA113370A1DE045CEF1E1E14FCED191031984CDB02C6B7A9F20EA8730FD83FD398F900B639A80E03AF26040F276F66591A25A37208424062E9CD9A7418C4FE378B280F8CD77A16D9D063E60622C60F0625B00A18802CA843C792470417184968B983580E0611D43D6EF050404E6C29F54DDDBAEE3F098AFC3A90616506E42681476043CFA982BC65187F752AF5D2A8EA9EE9CA998AEF9AA53F5CDEC39C0B6A5CE73320F30EFA3297672EAF2EF64C2861D58F9C78392028C29FCBF036B9E0434C17086604231080EACBBE439F0DD5FE1FA21FA1DA2194A8240948B49C6BE490DACE90E4731C4747D0F5F2A692FCF6CCB91873AEAD872A43C2C5BD225A21F8F6DEB8689009E03581A5F58FE824618FE0211C48042EF0E500A31B3DDA50753F56902A8D345610CD07AF394CD30574CE188C0BB8009512031F2B24D685BD7607505D192BECE6CF6D3B62EFC15F48A961CFD11F96CCFB2411427FA6437E0CD5FA6CB354B6F5BF73048BF93573FCEB61237FB53F9FD0247E17D1464FA2D9A9F165182F90E7C88F46F0F002F219545993A15279B995ACCDB83ADD9D0BD30B6E24267D6B6A5D178CCE5FF1F9F6ACA240C1872166C799A9B247C8678EBD3DC45848260CEFA8F3C55EB8D71C7B81CA19E077939781F9BA39CBCCFF69006EF6A8364930E3DD95B09BD6913014CCF04CFC07F3FF87CFB76443A475E3F9C7A0FC2A968F01EA5C59ED21E95FF903E681E44FE6AF2214DC264A337C85374328994FD6A902AEF30C8B91502F4DDC0FBDBBDFDB7EE2EF7ED05F609DD8977BB023B9AE83C047EB0379F83D9C5C383D79010B084BD782B21EC85BF9204BD78AC21EC8ACF0F703576045567FB534222D74FA5AECEF7F216204BC97C89D57025C8C4CD2F124C6066583F66A664B3CEEC1FB4359BD18A7356442BAE0632E29186C88C0F31D7308FD8106174F211D599E223D78F41503FB932A45BE4CF555DCEA17E398331449C04F57A1C3C79398742F74DDA993A02179A2922BBFA3AB3D6F8FDCAB04268DB9E2CE678A1997C2351C538752B7B9962E04E4431EA72D0D43BA5491E006DB6A91A8E8D4616258CD380B74E19598036A6AB8BC07A124756ED500146A74FE69ED818CA46409C8B90C70DD9C7F4A5B8EC61084B1E09CC231392FB4095181C660169B539886D558E513C41344E2943D323D887C6F185C3DA8051DAC60422F0BD154C3DC6660029D031022901A102289854526EF59A28F4303C36AAEC6A0E344AF10B036AEC6C0E2DC4F19515D5E8505E538BF52AF75F7DC50D5EB385DF14A41679D3B076B3A7DCA0BD410B2FF8D6B476932B68E70C86684039FE35A82E7A2842E9F224AA72574E96BC2A925C4E4D966B7A0DE29845F542D62B6FB11659CA6BFE61D13D1D1466188E4B0C59A152DA72267647619B59F9CAF784072F7C4CF8FB137806FC5E31F742AD5BD3C95C73DC14330B87AF6EBBE2E4293AF3DF922F28EF9A865D5429F282AD2DE46E30BD8AC9A4D747A5694710006C7ECA9B474112A2C680AA01A30AD6259CFA18BE1E4B4E1A8970F2171D71EA288AD13CBAA67A653FA8666C67E4F2801D6469B39F6863EDBA91BBB056F65024C2642DED118A648A8851B4759023CF954892E46DED51C454888824B6BF1BDE090E6208F1AA20AC3BF51AC6D6AA584C7A483AAE4FA56CC63383753CC446380885A486CCE7B2B93D5699D61091CAC67746C33138D89B805DD937065B84F778114A68EEE0F28009AA6AEDC099EC495D624CD6F47EF8A2DCC406F146BEB3F5E0CF06805A1E69EFE6129F36BCCB372167EFE2225AD6B263FB691700B54B397B79115002FE691E7C6FAE7DD3A2F1AC8B6D31D5BCF91E8FC4176B426138E11D268B3F8279E0B3F5561DAE59FCF50209CDD229F6F1E1D1B15241F77EAAD91C42BCC07079514ADA7AA483C6A82DF3B95A37A676BA560BA87540E92CDAD3D625F2E06A66FF998E3AB12E7F7B2A071E58B798D9F9C43AB4FE1AA50C0DBD01ECBE02FC5D0856DF8B8803528AE68CD2CE8BACB662423121DC41773A905C3B35084AAE8F1A04A5D7406D832035E1F27E4A8DB64213B52EA2ED462FC60DDAE7FAF2DA1C317CD0A069B542268FFDA6231432B5C4E95AA2D39B7B6314CA6C85755A6DCCA0B340AD7F190426D5B86CE54C698860F75D45B215638B85232328B467714891F4E953C321A56EBA1795F42B01A97D5EDC62DDC75754E8D1C2524D8616329DFDF2FD7DEB7E765DBBF1B5156CF42AA3D8B7DD6B9FD3B65D80F17F29B9D0F37F354F57623DB8B986227BAB60C1DA73C46C9C791F63D2D95C5DB16EAAAD3062D7A6F36B4B2F9A2B2F4C93D4E79E6B666928CC30E34771A07BFAE6A28D16351BC6B9D4CA8FDD1576C8169692751B0A3AD41A86F754BBD142BCBA33D0983A7AA7D519066977B4CC0EC517FA1B2B3B2B857F85CC8E6AE22F2B08FE6F921174A553B2EC73895EA2E2B856242ABA28B1F835A480DD52C129A6FE0B7029FBECB27D9616737F0141925E809EA177896E131A27942D1986CF81447F7EE837CD9F5698C8324F6FE3B4047F8C2530317D7ED1BE453F277EE095725F182EDA3510DC9BE4171C6E4BCA2F3ACB75897413A19640B9FA4A27F800C3983F5A925BB4006FB08F6C8F045EC12570D7C553793DC86643C86A9F9EF960894148728C6A3CFB9371D80B579FFE031F4FED708C3F0000, N'6.1.3-40302')
GO
INSERT [dbo].[__MigrationHistory] ([MigrationId], [ContextKey], [Model], [ProductVersion]) VALUES (N'202003201018572_Add-Message-Class', N'AlprApp.Migrations.Configuration', 0x1F8B0800000000000400E55CDB6EDC36107D2FD07F10F4D416CECA765E5A633785BB890BA3F1055927E85B404BF45AA844A912657851F4CBFAD04FEA2F94BA51BCEBBEEBA60810D8BC0C873367C42179E87FFEFA7BF9E37318584F3049FD08ADEC93C5B16D41E4469E8FB62B3BC30FAFBEB77F7CF3F557CB775EF86C7DAADBBDCEDB919E285DD98F18C7678E93BA8F3004E922F4DD244AA307BC70A3D0015EE49C1E1FFFE09C9C389088B0892CCB5A7EC810F64358FC427E5D47C88531CE407015793048AB7252B329A45AD72084690C5CB8B2CF8338398FE3C506264FBE0B6DEB3CF0015163038307DB0208451860A2E4D9C7146E7012A1ED26260520B8DBC590B47B00410A2BE5CF9AE65DE7717C9ACFC3693AD6A2DC2CC551D853E0C9EBCA308ED87D90796D6A3862BA77C4C47897CFBA30DFCA5E83C4B6C471CED64192B7910CBB3877F3FA7441BA1D5955E5118500414AFEEFC85A6701CE12B84230C309088EACDBEC3EF0DD5FE0EE2EFA0DA215CA8280D58B6846EAB80252749B44314CF0EE037C68B4BD7C6B5B0EDFD511FBD29E7CB7724A9708BF3EB5AD6BA202B80F20753E33FD0D8E12F833443001187AB700639810DF5D7AB0309FA480385C14C600EDDA87348B794F0C8E52781B10256A4904BC24086DEB0A3CBF87688B1F5736F9D1B62EFC67E8D52595F48FC827314B3AE1249307BB064FFEB698AE5A7BDBFA0083A23E7DF4E3329472B77FA6F51749147E8882D2BE75F1E74D94257904DE4572DD1D48B610F3AA2C9D069366A4D6E30E406BD9F520886DB0D01BB55D61341D72F3FFA7879A3008110C7314CC3CCC7516DEC364F6616EA31483604DDA4F3C54E7C0B882690AB6704860545D0F1118D5D0430283E9BAAFC0B825668950A775A4455042566C0FEAA660EE7C079F67881BED4A4027AD5C0BAA297C665A352B825429AD0B720BD5EA60548F33A55947A1A94251AE855E5BBED9A8058D315CFFC8A59D0F11BB5C34F48DDE1EA13475FC8E0DDE09E27F834182DF32195DFEF39D9F2FBB3D25BD43DE3039FACC4F13E94D880A51CE554831C3D7F68EEEA2778B3E7523954AE54F06ADAA0613C4F0F0003E5CF40E0FDD7DC6ED45E2A7782F59E97BB0A781DE85C00F0E952B8A0BE100DC72120E825F2985EA8D63731236239E67C8E074BE3F4FD3C8F50BAD9BEF3BDDBDF35A92B5C4326CE54B75AB0300A23071AC1F1357925157F677D29CD5D2EAEF2C2BADDED2F3124F2489C4F930C92D9CEFB4504AE0E4232C23C547AE1F83403FB8D0A5DF8E3D37351D43AC790B63887210E8ED387A703A8600F736EB2C1D060B6688F04BBDCEAD9A75BF712C93DA76078B3A5F30836F22A82887EEE42F550EDC0B284A5B8E1A7AAF30A912A0769F8AE9D8646011D23849F0EC90E115E8E23A5D06361038BC69C72AB007F8C847073A371BCE111A3FD36CA63B7CF4A70F5D80391184B44A7477E1F8EF8FD6C21328B14F28F1896DABDF35C73DD3804A7D48C4224B48C3F9318E178BA911A6D4A893875B92ED6158535A7F2A7526475D995F933E98F48049A54AB5F1292B8B2B6ADA42B1AFFA98C26A6B955649BC88A25CCC06E266754F6DABC9ECD9144802A0D0B5C8217DA8EC5F67DC2D322A03AB4450D0B688A0DF069510E6D3DA498C5E46BB000E324A4142340A02195470FE696E4299168A8B5211A0E6CD1655BFC6800470F3F68AEDDF0041DC21F373EA305FE10C509EB161E7D061EFC068CDE2C63077F56EA1C57AA3265EE3CD3477553ADC2D211E6301210596444D6107C5758F6C8896C4AE636AC7E8DF44ADC110FA64AE9351C71843F872182C62C84FFA6428836DA3CE49580389DFC9CE56AA4FA0E8FA47EB964EC9D5AA0A968E86D4B5BC0271ECA32D43F2AA4AAC4DC9F05ABFDAF4673F85A50CC74D152428AA2D1D09470999B9509B7F463D78E127697E6D03EE417E1CB7F642A999291FD0AC50F5C8CC922F7BB25EACEAC6F9CF5C06428F6815F1D618F282CC2DCC53B1E20493FF4ECABDAC9C65070290A86FC0D6519085C8780E6190D19C717172F4475F7A593C478A15C7D7C812978E6018298F944C2FC483E8C66E4EA66BF2284FAB538B2EDED6F5DC87B7CAFB15564C59D25D42CD1D6265D4653DF4A8A8419C26555977292CF38795C496BF18DCD1CFFA18D86956AF0EB0D3F6D41997D9E1B1B6356CFC0C8E624F29384F998E2F0CF2A44D2827B4758BAA975C5E0FB1D2CA92170323268B1A03246D7ED8014A86BE7B03003D3E9585F55C0B27584F194A09FF59A4C5DD655152092B8916BE30184E81C1C100EC8BBE29D0C2B02158514C718FCC09A84435A53D3053121A38C494452F072FC2DE66146E8C3BB92EF86911F0BF5D76A47DA4D8848E4EF793C2BE7159EDE1DA5F0C499BBAB2896D11D33CF95EBEA1DBEC520CC345DE60B1F93D58073E996FD3E08AA4F10F30C52599C53E3D3E3915DE1DBD9C37404E9A7A81620F2C3C04E25DB5B717397E6ED656624D5FAEA6F87AA218453A97BF441E7C5ED97F14BDCEACCB5F3FD38E47D64D42FC7C661D5B7F4EF278073D81C47D04C9372178FE96953882D0A5E6F3ECFD69CA2C2E64E9783D6C270BE25F9C8C12C5BF2A19254A7E39320740D437A27B7FA2310B40B8F4BD5F94335D47C5B98E4AD8590FA1BF4E992E8062C98573404947D738C89B81190135144D23A13408C7E3112CBD48F0C8CF788217091DE5F4E5DA0FC6DE148CF759502791DC472D2B22917D94308EAC3ECB37C5C4DB39301D7C16674FFC911EC8F2AE990B43C8D81CFFA03F3B7C18975B7BE1312381FB0B626C77F094C9D1CCA5FF30E2EE5002FFBE49D85F1AF37A101FFAD07ED79ECCCECDA4FEB2B8D33D9D67C20125B80C21C88EA3D71F820CFD65729F45B2D2383EF241C1D17604BF1F1EF37F8DB12C1399349727EC7B703505B93C2D277BBCFB88F8BD4C5A95DC3A35397967A2262B656BA9AC1AE6B289B8AC1A404B7BD3D29ACDAC66D518060AA27A1403E9592D3F8A830EC46C21D85BF9D0CAB15AD8823392A6790471ACA616B2B4C80F7E49BCE80EEAE956772539E285329F15DA1E789A93139B7BAAAC5E4B15DCA9174D5B567F5454F7DDF34FBF071F59BE2F26AB2EF37728C9D29FFADB4644FE57291174B9F596B6B9440F519D00081AD54DA46B120C3CB2189F27D87F002E26D52E996EF167013E81202B4EE0EEA177896E321C67984C1986F701F7A1CBD307D3F805E99AD7797913177FCC618A291035FDFCA4F706FD94F98147F5BE509CF46A44E4794975C296FB12E7276DDB1D95741DA18E822AF3D174EA0E86717E019BDEA00D78824374FB98C2F7700BDC5D7DEDAF17D2EE08DEECCBB73ED826204C2B194D7FF22BC1B0173EBFF917C714AD1F8E550000, N'6.1.3-40302')
GO
INSERT [dbo].[__MigrationHistory] ([MigrationId], [ContextKey], [Model], [ProductVersion]) VALUES (N'202003201021578_Renaming-Tabels', N'AlprApp.Migrations.Configuration', 0x1F8B0800000000000400E55CDB6EE436127D0F907F10F4940D3C2DDBF3B231BA13787BC60B63C7174C7B82BC0D68896E0B2B515A896DB811EC97EDC37E527E21D48DE25DD4ADDB3B8B0106362FC562D529B1481EFA8FFFFC77F9CB6B1C392F30CBC304ADDCB3C5A9EB40E4274188B62B77879FDEFDD5FDE5E7EFBF5B7E0CE257E7D7A6DDFBA21DE989F295FB8C717AE179B9FF0C63902FE2D0CF923C79C20B3F893D1024DEF9E9E94FDED99907890897C8729CE5E71DC2610CCB5FC8AFEB04F930C53B10DD24018CF2BA9CD46C4AA9CE2D88619E021FAEDCCB28CD2ED374B181D94BE843D7B98C4240D4D8C0E8C97500420906982879F125871B9C2568BB494901881EF62924ED9E4094C35AF98BB6B9ED3C4ECF8B79786DC74694BFCB7112F71478F6BE368C27761F645E971A8E98EE233131DE17B32ECDB772D720731D719C8B7594156D24C32E2EFDA23E5F906E274E5D794221409052FC3B71D6BB08EF32B842708733109D38F7BBC728F4FF01F70FC93F215AA15D14B17A11CD481D57408AEEB3248519DE7F864FADB6D71F5CC7E3BB7A625FDA93EF564DE91AE1F7E7AE734B54008F11A4CE67A6BFC14906FF0E11CC0086C13DC01866C477D7012CCD2729200E97C42940FBEE21CD623E1183A31CDE4744894612012F0942D7B901AF9F20DAE2E7954B7E749DABF015064D492DFD0B0A49CC924E38DBC983DD8297705B4E57ADBDEB7C8651599F3F8769154A85DBBFD2FAAB2C893F275165DFA6F8EB26D96545043E2472DD03C8B610F3AA2CBD169366A436E30E406BD5F528886DB1D01BB5B6309A0EB9C5FFD3434D18840886050A661EE676173FC26CF661EE931C83684DDA4F3C947560DCC03C075B382430EAAEC7088C7AE82181C1743D5460DC13B324C86A1DE9109491153B80BA29983B3FC0D719E246BB12D0492BD7827A0A5F9956ED8A20554AEB82DC42B53A18D5E34C69D65168AA50946BA1D7966F366A41630CD73F7269E763C42E170D7DA3B747284D1DBF63837782F8DF6090E10F4C4657FCFC1016CB6E4F491F51304C8E3EF3D3447A1BA24294731552CCF0B5BDA3BBECDDA14FD348A552F59341ABBAC104313C3C808F17BDC343F790717B9585393E4856FA091C68A08F3108A363E58AE2423800B79C84A3E0574AA17AE3D89C84CD88E71932389DEF2FF33CF1C352EBF6FB4E77EFBC96642D710C5BF94ADDFA0080284C1C1BA6C49564D495FBA33467B5B4E63BCB4A6BB6F4BCC4334922713ECC0A0B173B2D9413388508CB4809911FA620D20F2E74E9B7632F4C4DC7106B3EC014A202047A3B8E1E9C8E21C0BDCB3A4B8FC1821922FC52AF73AB66DD6F1DCBA4B6F66051E70B66F04D0415E5D056FE52E5C0BD80A2B4E5A8A10F0A933A01EAF6A9988E4D0616218D9304CF0E195E011BD7E932B081C0E14D3B568103C0473E3AD0B9D9708ED0FA996633F6F0D19F3ED8007322086995B077E1F8EF8FD6C21328714828F1896DA7DF35C73DD3804A7D48C4224B48C3F9314E178BA911A6D4C8CAC31DC9F630AC29AD3F953A93A3AECAAF491F4C7AC0AC56A5DEF85495E515356DA1D8577DC961BDB5CAEB245E445121660371BBBAE7AED366F66C0A240150E85AE6902154F66F32EE0E19B581552228683B44D06F834A08F369B512A397D12D80838C5290108D824006159C7FDA9B50A685E2A25404A879B345D56F302001DCBCBD62FBB7401077C8FC9C2CE62B9C01CA3336EC1C2CF60E8CD62C6E0C7357EF163AAC376AE20DDE4C7357A5C37609F1180B0829B0246A0A3B28AE7B644374247696A91DA37F1BB50643E893392BA38E3186F0E53058C4909FF4C95006DB469D93B00612BF93D6566A4EA0E8FA47EB965EC5D5AA0B969E86D4B5BC01691AA22D43F2AA4B9C4DC5F05ABFDBF4673FC5950CCFCF152428AA2D1D09271999B9505B7C460378156679716D031E41711CB70E62A999291FD0AC50CDC8CC922F7BB259AC9AC6C5CF5C06428F6815F1D61AF28ACC2D2E52B1F20493FF4ECABD9C8265072290A96FC0D649B48B91F11CC220A33DE3E2E4E88FBEF4B2788E142B8EAF91252E3DC130521E29995E8807D18D764EA66BF2284FAB530B1B6FEB7A1EC25BD5FD0A2BA62AB197D0708758194D590F3D6A6A10A7495D662F8565FEB092D8F237833BFA591F033BCDEA65013B6D4F9D71991D1E6B5BC3C6CFE028F69482F394E9F8C2204FDA8472423BB7A87AC9D5F5102BAD2A79333062B2A83140D2E687165032F43D1800E8F1A92CACE75A38C17ACA504AF8CF222DB697454925AC245AF8C6603805060703B02FFAA6400BC386604531C53D3227A012D596F6C04C4568E0105315BD1DBC087B9B51B831EEE46CF0D321E0FF76D991F69162133A3ADD4F0AFBC665BD87EB7E31246DEAAA26AE434CF31206C5866EB3CF318C174583C5E65FD13A0AC97CDB0637248D7F8239AEC82CEEF9E9D9B9F0EEE8EDBC01F2F23C88147B60E12110EFAA83BDC8090BB376126BFA7235C5D713E528D2B9FC350AE0EBCAFDBDEC75E15CFFF695763C71EE32E2E70BE7D4F9F7248F77D00BC8FC6790FD1083D7BFB0124710BAD47C9E833F4D99C5852C1DAF87ED6441FC8B9351A2F85725A344C92F47E60088FA46F4E04F3466010897BEF78B72A6EBA838D75109ADF510FAEB94B101144B2E9C034A3ABAC651DE0CCC08A8A1681A09A541381E8F60E94542407EC613BC48B094D3976B3F187B5330DE67419D44721FB5AC8844F651C238B2FA2CDF14136FE7C874F0599C3DF1477A20CBBB612E0C216373FC83FEECF0615C6EED85C78C04EE6F88B16DE12993A3994BFF61C4DDA104FE4393B0BF35E6F5203EF4B1FDAE3D999D9B49FD6D71A77B3ACF84034A701942901D47AF3F0619FADBE43E8B64A5717CE4A382A3EB08FE303CE6FF35C6B24C64D25C9EB0EFC1D514E4EAB49CECF11E13E2F72A69B5E726EF4DCC64A5E87EB465136B5925BE37A5D9CC68D6CC80B6B09A4AB3586B69CFAA519ABA5E94680B46B472ACA3B1A6790C71B4A60EB6B448107E4BC4680BF574CBBB921DF146A9CF0A6D8F3CCDC999CD3D55562FA60AF2D49BE62DABBF29AA0BEFF9A7DF83902C5F18936597F9439464EDCFC36D2BA2F8B39408FADC824BDB5CA3A7A4C900048D9A26D23D090601598D2F331C3E011F936A9F4CB7FCBB00BF8268571EC13DC2E01ADDED70BAC364CA307E8CB80F5D913F98C62F59D7BCCECBBBB4FC6B0E534C81A8191647BD77E86FBB300AA8DE578AA35E8D882231A98FD80A5FE2E2A86DBBA7926E136429A8361FCDA71E609C1637B0F91DDA80173844B72F39FC04B7C0DF37F7FE7A21DD8EE0CDBEFC10826D06E2BC96D1F627BF120C07F1EBCF7F02E6DE8C318F550000, N'6.1.3-40302')
GO
INSERT [dbo].[__MigrationHistory] ([MigrationId], [ContextKey], [Model], [ProductVersion]) VALUES (N'202003241505076_Rename-Tabele-PersonCar', N'AlprApp.Migrations.Configuration', 0x1F8B0800000000000400ED5C5B6FE434147E47E23F447902D49DB4DD17A8664065768B2AB617ED74116F959BB8D388C40989537584F8653CF093F80B3877DFE35C26535668A555EBCBF1F1B9F91CFB4BFFF9EBEFE50F2F61603DC324F523B4B24F16C7B605911B793EDAAEEC0C3FBEF9D6FEE1FB2FBF58BEF7C217EB977ADCDB7C1C9989D295FD84717CE638A9FB0443902E42DF4DA2347AC40B370A1DE045CEE9F1F177CEC9890309099BD0B2ACE5C70C613F84C52FE4D775845C18E30C0457910783B46A273D9B82AA750D4298C6C0852BFB3C8893F3385E6C60F2ECBBD0B6CE031F1036363078B42D80508401264C9E7D4AE1062711DA6E62D20082BB5D0CC9B84710A4B062FEAC1D6EBA8FE3D37C1F4E3BB126E566298EC29E044FDE568271F8E983C46B378223A27B4F448C77F9AE0BF1ADEC35486C8B5FE76C1D24F91841B08B7337EF4F1764DA9155751E3526402C25FF7764ADB30067095C2198E1040447D66DF610F8EECF707717FD06D10A654140F34538237D4C0369BA4DA2182678F7113EB6DC5EBEB32D879DEAF0739B99ECB4724B9708BF3DB5AD6BC202780860A37C6AFB1B1C25F02788600230F46E01C63021BABBF460213E81017EB9288C01DA752FA927F381081CA5F036204CD49488F11227B4AD2BF0F201A22D7E5AD9E447DBBAF05FA057B754D43F219FF82C9984934C5CEC1A3CFBDB62BB72EE6DEB230C8AFEF4C98F4B575A547DF744A029593489C28F51D0CE29DAEFEF40B28598701C493A375196B83DB8B925A615A1723D09434DF77D61C82D474C87C012DB2BE369E9B4AEA277A05A5C039CA89C7A10476A4DB4B733995AF7740E95FF3FBD07708B10C2B0B091FD2E739D850F30D9FB32B7518A41B026E3E70C1D2A37358A1BB51B4AE346EDC1837CB471F7215EDA4C3E849F368B0FF15466F25CBE5A2E3AF6EC3362BACB9F4182DF516767FEF39D9F47929E94DE236F181D9DA38C39CE784F911F76A6CC5CC134055B28F7DCAAF39E72A1962BA1533868C511C312008DB4E4ACF17D8A14A08331E30853ED73487CA9A61E22BA544B0F892DD4D47923CB0491E13621559307555BD04FBE832F7B4812BAF3DF29BC938F1B6AFF35668F11A59E476EA8845166849A5B76D8B8CC80636A407AC05038488E209873EF4441EF107BF4E93D7853CFAC70784A78B87C70783238A76E2F123FC5B3946E1FC04C0BBD0F811FBC9AE8DF2BFF91E78C1DA15FE54BE7691AB97EC10F7B2B505678ECEE48FA6CE9CABD5298549948444ADCC78F89C390B557F689203005C926C7A348E66261C97D239023FE0593DCA8F38A19A5C4637D844567F491EBC720D06C869BD3EFEA251777B308DFF30EC610E58EA7D9F7E8D59B45B8D8D2259FA5431984DE4ED80A47A55545B9D3AA95B2F92EE5AAA89A198B687B838C45BAB491BE64A57F2F4B91CA72D4D233988998D8AA94AAC9725BC536F99DB9B1686A5B03339CC86C944C98E84F7377D4CB8094129E8089394D894DF53BF5AE2846A6312A7909435B165798B06B1C2F16535B989423230D77941FC36C4D2AFDA9D899ED9C33885FEA448D0F337DD222F5F5D7A03374C49937266C4C72F28D099E33994F9964933998CC8049C542555D969D0506A21921295A3FA5B0AA5BD3AACAE06D2327B3819879AB69D37B3A0512CC8A9B5AE4903E94CEAF53F80E1AF4BBAE4084B2CC0E32EDDDB540A4099D5D9C300143CA0E178B8DB6A6DE974080B20A5EC8F593193544F6A4C69B6847C9D570CCE85230F48E2A8BA65230C95F49B0FB32D833F7FC216E5A533D18D40F14C3B4F969F62DAF18A6DFB8E41E57DC7C474E6C981553CCB726AF11813A0F3612E71861706EA7918826B5EB93DC0D968D3C9DA305C40799897C456F31FA24C42C0D11B46CE2317BB096FA2AAA39039BBEA5530202AB86A5A3400E2EAF401CFB684B2109AB166B53C208D76F36FD21766149C3715309D2AEE1B659094709B100AE378FB01EBCF093347FB1060F20BF335C7BA1304C9713284EA57A65EAD817D5571F54F5E0FC67260B69EEC02566D40AF282EC2DCC13B0E2EA988D93E22C2B8772820024F2C7FF75146421D2DE456868B4F75C0C1DF5F5979A160BC4A3C9B13D22C5A5C30946C82505D173FEC0ABD14CC9CDA13E4AD3552A3740DBAA997368AB7C08A0C9942DE6146A24184DA36EEBC14705F46238A9DACCA9D0382E9A12DDFE6AEC8E0AEC630C4F795E19989E66AE52C4F415152363DDDD55173D39B19E416C824048C1A0587B6E9ACD693540289A52D3F86ACCB0C9B2C618A12299343041E54C9558A9BB2A5AB09A2B2C35ADC98D59B84E6388765EB6A929974FFF34B5B2E5D598119FB38F0A69DA0AC524AE7510F85F7F8AD3688AA368F039D4F7109AE2D0A060173429AAB947E60B64A4DAD61E4747899C600E8EB269667B11EA487E48B37A534F7275E3B2AAE1BA3F4B138ABA72886D11E13CFB5E5ED06D762986E1221FB0D8FC1EAC039FECB71D7045D2F84798E21235649F1E9F9C721FB7BD9E0FCD9C34F502490DCC7D6DC6AA6AB6CFBEFC5CAC9D88A6BE3075FE5B986215E16EFE1279F06565FF51CC3AB32E7FBD6F261E593709D1F399756CFD39C91762E81924EE1348BE0AC1CBD734C5114839693D37FF87467B51218D1BEB213B9110FBFDD02852EC3742A34889DF01EDC34054CF9C07F9C6652F66C2C3274D1DBD9E37CACFC5ED9984987CD2A865852F683CF2339EE00B1A433ABDBFBE18607C537E02B147C31B6401D4D45176A082871BF3C1CD57316312CF68C0F85E22990E25746038FE5EEC6BEF029514427363DDF7223801DE3EEA9CE621ECA3883130F509943A0EEE3D1AE20D922E94EEB490EE3961DCD24BEEFF2A6CDB4053DDA0359EC8BE616AC62A980E89FD19C1AF7BEA4CA7FE06E83104633B0E957F083CF5E7099FE6413BE320CD07358EAE2BFB79A0D09F31E879128CF3DCC785F24560AF20E67E31EAA0B06511C9C42B500022AB70C8E575F9CAF61E22A2E3326B350728EF74F06429E9BED8653D7459B604D56D866CD6019B650B0C433D1B809EA5BB19028CD6E0A2D5123B04665A8293166C434C7F39D0DB2B02451BB0A78AAF5280CD2B843DF764599E6148A01CAF1AD42C7765196AE070DB17328329D0CA1225CF64D03DC0C8E263313971A9BF744A0EFCD4DFB624F2BF7B8AA0CB9CB5CD984BF418D5873EC7513D44B8A4C6C02307F17982FD47E062D2ED12AD167FB8E0171064C56DD103F42ED14D86E30C932DC3F02160025D9E3AE8D62F10D72CCFCB9BB8F86305536C81B0E9E72F0637E8C7CC0FBC86EF0BC98B8182449E9354577FB92E717E05B8DD3594AE236448A8125F934ADDC130CE5F5FD31BB401CF70086F9F52F8016E81BBABDFFCD544BA15C18A7DF9CE07DB04846945A39D4F7E2536EC852FDFFF0BB325CDCFF0570000, N'6.1.3-40302')
GO
SET IDENTITY_INSERT [dbo].[Car] ON 
GO
INSERT [dbo].[Car] ([CarID], [CompanyID], [LicensePlate]) VALUES (1, 1, N'1PXL907')
GO
INSERT [dbo].[Car] ([CarID], [CompanyID], [LicensePlate]) VALUES (2, 2, N'IH786P0J')
GO
SET IDENTITY_INSERT [dbo].[Car] OFF
GO
SET IDENTITY_INSERT [dbo].[Company] ON 
GO
INSERT [dbo].[Company] ([CompanyID], [Name], [Street], [Number], [PostalCode]) VALUES (1, N'Rhea N.V.', N'Veldkant', N'35A', N'2550')
GO
INSERT [dbo].[Company] ([CompanyID], [Name], [Street], [Number], [PostalCode]) VALUES (2, N'Atlas Copco', N'Boomsesteenweg', N'957', N'2610')
GO
SET IDENTITY_INSERT [dbo].[Company] OFF
GO
SET IDENTITY_INSERT [dbo].[Message] ON 
GO
INSERT [dbo].[Message] ([MessageID], [PersonCarID], [PremadeMessageID], [Text]) VALUES (1, 1, 3, NULL)
GO
INSERT [dbo].[Message] ([MessageID], [PersonCarID], [PremadeMessageID], [Text]) VALUES (2, 2, NULL, N'Ik ben tegen je wagen gereden. Bel op op 0000/00.00.00')
GO
INSERT [dbo].[Message] ([MessageID], [PersonCarID], [PremadeMessageID], [Text]) VALUES (3, 1, NULL, N'misbruik bericht')
GO
INSERT [dbo].[Message] ([MessageID], [PersonCarID], [PremadeMessageID], [Text]) VALUES (1002, 1, 1, NULL)
GO
INSERT [dbo].[Message] ([MessageID], [PersonCarID], [PremadeMessageID], [Text]) VALUES (1003, 2, 3, NULL)
GO
INSERT [dbo].[Message] ([MessageID], [PersonCarID], [PremadeMessageID], [Text]) VALUES (1004, 2, NULL, N'Misschine u hond ni opsluiten?')
GO
INSERT [dbo].[Message] ([MessageID], [PersonCarID], [PremadeMessageID], [Text]) VALUES (1005, 1, 2, NULL)
GO
INSERT [dbo].[Message] ([MessageID], [PersonCarID], [PremadeMessageID], [Text]) VALUES (1006, 1, 2, NULL)
GO
INSERT [dbo].[Message] ([MessageID], [PersonCarID], [PremadeMessageID], [Text]) VALUES (2002, 1, 2, NULL)
GO
INSERT [dbo].[Message] ([MessageID], [PersonCarID], [PremadeMessageID], [Text]) VALUES (2003, 1, 3, NULL)
GO
INSERT [dbo].[Message] ([MessageID], [PersonCarID], [PremadeMessageID], [Text]) VALUES (2004, 1, 2, NULL)
GO
INSERT [dbo].[Message] ([MessageID], [PersonCarID], [PremadeMessageID], [Text]) VALUES (2005, 1, 1, NULL)
GO
INSERT [dbo].[Message] ([MessageID], [PersonCarID], [PremadeMessageID], [Text]) VALUES (2006, 1, 1, NULL)
GO
INSERT [dbo].[Message] ([MessageID], [PersonCarID], [PremadeMessageID], [Text]) VALUES (2007, 1, 1, NULL)
GO
INSERT [dbo].[Message] ([MessageID], [PersonCarID], [PremadeMessageID], [Text]) VALUES (2008, 1, 1, NULL)
GO
INSERT [dbo].[Message] ([MessageID], [PersonCarID], [PremadeMessageID], [Text]) VALUES (2009, 1, 3, NULL)
GO
INSERT [dbo].[Message] ([MessageID], [PersonCarID], [PremadeMessageID], [Text]) VALUES (3002, 1, 2, NULL)
GO
INSERT [dbo].[Message] ([MessageID], [PersonCarID], [PremadeMessageID], [Text]) VALUES (4002, 1, 1, NULL)
GO
INSERT [dbo].[Message] ([MessageID], [PersonCarID], [PremadeMessageID], [Text]) VALUES (4003, 1, 1, NULL)
GO
INSERT [dbo].[Message] ([MessageID], [PersonCarID], [PremadeMessageID], [Text]) VALUES (4004, 1, 2, NULL)
GO
INSERT [dbo].[Message] ([MessageID], [PersonCarID], [PremadeMessageID], [Text]) VALUES (5002, 1, 2, NULL)
GO
INSERT [dbo].[Message] ([MessageID], [PersonCarID], [PremadeMessageID], [Text]) VALUES (6002, 1, 2, NULL)
GO
INSERT [dbo].[Message] ([MessageID], [PersonCarID], [PremadeMessageID], [Text]) VALUES (6003, 1, 3, NULL)
GO
INSERT [dbo].[Message] ([MessageID], [PersonCarID], [PremadeMessageID], [Text]) VALUES (6004, 1, 3, NULL)
GO
INSERT [dbo].[Message] ([MessageID], [PersonCarID], [PremadeMessageID], [Text]) VALUES (6005, 1, 3, NULL)
GO
INSERT [dbo].[Message] ([MessageID], [PersonCarID], [PremadeMessageID], [Text]) VALUES (6006, 1, 2, NULL)
GO
INSERT [dbo].[Message] ([MessageID], [PersonCarID], [PremadeMessageID], [Text]) VALUES (7002, 1, 1, NULL)
GO
INSERT [dbo].[Message] ([MessageID], [PersonCarID], [PremadeMessageID], [Text]) VALUES (7003, 1, NULL, N'Ik woufff zeggend a ik u auto lelijk vond, dus daarom doe er iets aan...')
GO
INSERT [dbo].[Message] ([MessageID], [PersonCarID], [PremadeMessageID], [Text]) VALUES (8002, 1, 2, NULL)
GO
INSERT [dbo].[Message] ([MessageID], [PersonCarID], [PremadeMessageID], [Text]) VALUES (9002, 1, 2, NULL)
GO
INSERT [dbo].[Message] ([MessageID], [PersonCarID], [PremadeMessageID], [Text]) VALUES (9003, 1, 2, NULL)
GO
INSERT [dbo].[Message] ([MessageID], [PersonCarID], [PremadeMessageID], [Text]) VALUES (10002, 1, NULL, N'sdwf')
GO
INSERT [dbo].[Message] ([MessageID], [PersonCarID], [PremadeMessageID], [Text]) VALUES (10003, 1, 1, NULL)
GO
INSERT [dbo].[Message] ([MessageID], [PersonCarID], [PremadeMessageID], [Text]) VALUES (10005, 1, 1, NULL)
GO
INSERT [dbo].[Message] ([MessageID], [PersonCarID], [PremadeMessageID], [Text]) VALUES (11002, 1, NULL, N'Hier uw eigen melding')
GO
INSERT [dbo].[Message] ([MessageID], [PersonCarID], [PremadeMessageID], [Text]) VALUES (12002, 1, 3, NULL)
GO
INSERT [dbo].[Message] ([MessageID], [PersonCarID], [PremadeMessageID], [Text]) VALUES (12003, 1, 2, NULL)
GO
INSERT [dbo].[Message] ([MessageID], [PersonCarID], [PremadeMessageID], [Text]) VALUES (12004, 1, 2, NULL)
GO
INSERT [dbo].[Message] ([MessageID], [PersonCarID], [PremadeMessageID], [Text]) VALUES (13004, 1, 2, NULL)
GO
INSERT [dbo].[Message] ([MessageID], [PersonCarID], [PremadeMessageID], [Text]) VALUES (14004, 1, NULL, N'wsdxv')
GO
INSERT [dbo].[Message] ([MessageID], [PersonCarID], [PremadeMessageID], [Text]) VALUES (14005, 1, 3, NULL)
GO
INSERT [dbo].[Message] ([MessageID], [PersonCarID], [PremadeMessageID], [Text]) VALUES (14006, 1, NULL, N'Dit is mijn melding.
Werkt een enter ook?')
GO
INSERT [dbo].[Message] ([MessageID], [PersonCarID], [PremadeMessageID], [Text]) VALUES (14007, 1, 2, NULL)
GO
INSERT [dbo].[Message] ([MessageID], [PersonCarID], [PremadeMessageID], [Text]) VALUES (14008, 1, 2, NULL)
GO
INSERT [dbo].[Message] ([MessageID], [PersonCarID], [PremadeMessageID], [Text]) VALUES (15004, 1, 1, NULL)
GO
INSERT [dbo].[Message] ([MessageID], [PersonCarID], [PremadeMessageID], [Text]) VALUES (16004, 1, 2, NULL)
GO
INSERT [dbo].[Message] ([MessageID], [PersonCarID], [PremadeMessageID], [Text]) VALUES (16005, 1, 2, NULL)
GO
INSERT [dbo].[Message] ([MessageID], [PersonCarID], [PremadeMessageID], [Text]) VALUES (16006, 1, 2, NULL)
GO
INSERT [dbo].[Message] ([MessageID], [PersonCarID], [PremadeMessageID], [Text]) VALUES (16007, 1, 2, NULL)
GO
INSERT [dbo].[Message] ([MessageID], [PersonCarID], [PremadeMessageID], [Text]) VALUES (16008, 1, 2, NULL)
GO
INSERT [dbo].[Message] ([MessageID], [PersonCarID], [PremadeMessageID], [Text]) VALUES (16009, 1, 2, NULL)
GO
INSERT [dbo].[Message] ([MessageID], [PersonCarID], [PremadeMessageID], [Text]) VALUES (16010, 1, NULL, N'HAHAHAHAHHAHAHAA JHAAAA dit werkt
enkel de e
enter niet')
GO
SET IDENTITY_INSERT [dbo].[Message] OFF
GO
SET IDENTITY_INSERT [dbo].[Person] ON 
GO
INSERT [dbo].[Person] ([PersonID], [FristName], [LastName], [Email]) VALUES (1, N'Maarten', N'Michiels', N'r0695495@student.thomasmore.be')
GO
INSERT [dbo].[Person] ([PersonID], [FristName], [LastName], [Email]) VALUES (2, N'Thomas', N'Michiels', N'r0695495@student.thomasmore.be')
GO
INSERT [dbo].[Person] ([PersonID], [FristName], [LastName], [Email]) VALUES (1002, N'Ana Mariel', N'Schepers', N'anamariel.s@outlook.com')
GO
SET IDENTITY_INSERT [dbo].[Person] OFF
GO
SET IDENTITY_INSERT [dbo].[PersonCar] ON 
GO
INSERT [dbo].[PersonCar] ([PersonCarID], [PersonID], [CarID], [StartDate], [EndDate]) VALUES (1, 1, 1, CAST(N'2000-01-01T00:00:00.000' AS DateTime), CAST(N'2021-01-01T00:00:00.000' AS DateTime))
GO
INSERT [dbo].[PersonCar] ([PersonCarID], [PersonID], [CarID], [StartDate], [EndDate]) VALUES (2, 2, 2, CAST(N'2004-01-01T00:00:00.000' AS DateTime), CAST(N'2020-01-01T00:00:00.000' AS DateTime))
GO
INSERT [dbo].[PersonCar] ([PersonCarID], [PersonID], [CarID], [StartDate], [EndDate]) VALUES (1002, 2, 1, CAST(N'1996-01-01T00:00:00.000' AS DateTime), CAST(N'1999-12-31T00:00:00.000' AS DateTime))
GO
INSERT [dbo].[PersonCar] ([PersonCarID], [PersonID], [CarID], [StartDate], [EndDate]) VALUES (2002, 1002, 2, CAST(N'2021-01-02T00:00:00.000' AS DateTime), CAST(N'2024-12-31T00:00:00.000' AS DateTime))
GO
SET IDENTITY_INSERT [dbo].[PersonCar] OFF
GO
SET IDENTITY_INSERT [dbo].[PremadeMessage] ON 
GO
INSERT [dbo].[PremadeMessage] ([PremadeMessageID], [Text]) VALUES (1, N'De lampen van je wagen branden nog!')
GO
INSERT [dbo].[PremadeMessage] ([PremadeMessageID], [Text]) VALUES (2, N'De radio van je wagen staat nog aan!')
GO
INSERT [dbo].[PremadeMessage] ([PremadeMessageID], [Text]) VALUES (3, N'Er staat een raam open van je wagen!')
GO
SET IDENTITY_INSERT [dbo].[PremadeMessage] OFF
GO
INSERT [Vidyano].[Groups] ([Id], [Name], [IsSystem], [CreationDate], [TwoFactorRequired]) VALUES (N'fe9429ba-d5cd-4e7c-bbe4-05a4c3497d97', N'Administrators', 1, CAST(N'2020-03-16T10:19:08.6954921+01:00' AS DateTimeOffset), 0)
GO
INSERT [Vidyano].[Groups] ([Id], [Name], [IsSystem], [CreationDate], [TwoFactorRequired]) VALUES (N'd3bd3312-0730-43d9-9bf4-9e14c75b00f7', N'Users', 1, CAST(N'2020-03-16T10:19:08.6954921+01:00' AS DateTimeOffset), 0)
GO
SET IDENTITY_INSERT [Vidyano].[Logs] ON 
GO
INSERT [Vidyano].[Logs] ([ExternalId], [UserId], [CreatedOn], [Type], [Message], [Id]) VALUES (N'6e5d662d-4d24-44c5-87d4-11f6421b082d', N'c3541b24-a2c7-4afd-afa4-07f2a1cdd10f', CAST(N'2020-04-02T11:54:50.6140000+02:00' AS DateTimeOffset), 1, N'Added detail query ''Car_PersonCars'' with persistent object ''PersonCar''.
Added detail query ''PersonCar_Messages'' with persistent object ''Message''.
Added detail query ''Person_PersonCar'' with persistent object ''PersonCar''.
Added detail query ''Company_Cars'' with persistent object ''Car''.
', 3)
GO
INSERT [Vidyano].[Logs] ([ExternalId], [UserId], [CreatedOn], [Type], [Message], [Id]) VALUES (N'49dce4f8-6267-4f99-b6f5-7367211e4243', N'c3541b24-a2c7-4afd-afa4-07f2a1cdd10f', CAST(N'2020-03-20T11:56:03.6920000+01:00' AS DateTimeOffset), 1, N'Added persistent object ''Car'' for context property ''Cars''.
Added persistent object ''Company'' for context property ''Companies''.
Added persistent object ''Message'' for context property ''Messages''.
Added persistent object ''PersonCar'' for context property ''PersonCars''.
Added persistent object ''PremadeMessage'' for context property ''PremadeMessages''.
Added persistent object attribute with reference ''Car.Company'' with lookup query ''Companies''.
Added persistent object attribute ''Car.LicensePlate'' with data type ''MultiLineString''.
Added persistent object attribute ''Company.Name'' with data type ''MultiLineString''.
Added persistent object attribute ''Company.Street'' with data type ''MultiLineString''.
Added persistent object attribute ''Company.Number'' with data type ''MultiLineString''.
Added persistent object attribute ''Company.PostalCode'' with data type ''MultiLineString''.
Added persistent object attribute with reference ''Message.PersonCar'' with lookup query ''PersonCars''.
Added persistent object attribute with reference ''Message.PremadeMessage'' with lookup query ''PremadeMessages''.
Added persistent object attribute ''Message.Text'' with data type ''MultiLineString''.
Added persistent object attribute with reference ''PersonCar.Person'' with lookup query ''Persons''.
Added persistent object attribute with reference ''PersonCar.Car'' with lookup query ''Cars''.
Added persistent object attribute ''PersonCar.StartDate'' with data type ''Date''.
Added persistent object attribute ''PersonCar.EndDate'' with data type ''Date''.
Added persistent object attribute ''PremadeMessage.Text'' with data type ''MultiLineString''.
', 36)
GO
INSERT [Vidyano].[Logs] ([ExternalId], [UserId], [CreatedOn], [Type], [Message], [Id]) VALUES (N'fd7a3b1f-d022-4f84-b508-e03d3ba6a4a5', N'c3541b24-a2c7-4afd-afa4-07f2a1cdd10f', CAST(N'2020-03-20T10:39:22.0520000+01:00' AS DateTimeOffset), 1, N'Added persistent object ''Person'' for context property ''Persons''.
Added persistent object attribute ''Person.FristName'' with data type ''MultiLineString''.
Added persistent object attribute ''Person.LastName'' with data type ''MultiLineString''.
Added persistent object attribute ''Person.Email'' with data type ''MultiLineString''.
', 68)
GO
INSERT [Vidyano].[Logs] ([ExternalId], [UserId], [CreatedOn], [Type], [Message], [Id]) VALUES (N'324fb3a5-90df-46b8-8f47-1d0100f32794', NULL, CAST(N'2020-04-30T16:45:17.9320000+02:00' AS DateTimeOffset), 0, N'Process: iisexpress
Message: Value cannot be null. (Parameter ''connectionString'')
Type: System.ArgumentNullException
Source: Microsoft.EntityFrameworkCore.SqlServer
StackTrace:
   at Microsoft.EntityFrameworkCore.Utilities.Check.NotEmpty(String value, String parameterName)
   at Microsoft.EntityFrameworkCore.SqlServerDbContextOptionsExtensions.UseSqlServer(DbContextOptionsBuilder optionsBuilder, String connectionString, Action`1 sqlServerOptionsAction)
   at testadmin.Startup.<ConfigureServices>b__5_0(DbContextOptionsBuilder options) in D:\StageOpdrachten\VidyanoDockerAlprApp\testadmin\testadmin\Startup.cs:line 35
   at Microsoft.Extensions.DependencyInjection.EntityFrameworkServiceCollectionExtensions.<>c__DisplayClass1_0`2.<AddDbContext>b__0(IServiceProvider p, DbContextOptionsBuilder b)
   at Microsoft.Extensions.DependencyInjection.EntityFrameworkServiceCollectionExtensions.DbContextOptionsFactory[TContext](IServiceProvider applicationServiceProvider, Action`2 optionsAction)
   at Microsoft.Extensions.DependencyInjection.EntityFrameworkServiceCollectionExtensions.<>c__DisplayClass10_0`1.<AddCoreServices>b__0(IServiceProvider p)
   at Microsoft.Extensions.DependencyInjection.ServiceLookup.CallSiteRuntimeResolver.VisitFactory(FactoryCallSite factoryCallSite, RuntimeResolverContext context)
   at Microsoft.Extensions.DependencyInjection.ServiceLookup.CallSiteVisitor`2.VisitCallSiteMain(ServiceCallSite callSite, TArgument argument)
   at Microsoft.Extensions.DependencyInjection.ServiceLookup.CallSiteRuntimeResolver.VisitCache(ServiceCallSite callSite, RuntimeResolverContext context, ServiceProviderEngineScope serviceProviderEngine, RuntimeResolverLock lockType)
   at Microsoft.Extensions.DependencyInjection.ServiceLookup.CallSiteRuntimeResolver.VisitScopeCache(ServiceCallSite singletonCallSite, RuntimeResolverContext context)
   at Microsoft.Extensions.DependencyInjection.ServiceLookup.CallSiteVisitor`2.VisitCallSite(ServiceCallSite callSite, TArgument argument)
   at Microsoft.Extensions.DependencyInjection.ServiceLookup.CallSiteRuntimeResolver.VisitConstructor(ConstructorCallSite constructorCallSite, RuntimeResolverContext context)
   at Microsoft.Extensions.DependencyInjection.ServiceLookup.CallSiteVisitor`2.VisitCallSiteMain(ServiceCallSite callSite, TArgument argument)
   at Microsoft.Extensions.DependencyInjection.ServiceLookup.CallSiteRuntimeResolver.VisitCache(ServiceCallSite callSite, RuntimeResolverContext context, ServiceProviderEngineScope serviceProviderEngine, RuntimeResolverLock lockType)
   at Microsoft.Extensions.DependencyInjection.ServiceLookup.CallSiteRuntimeResolver.VisitScopeCache(ServiceCallSite singletonCallSite, RuntimeResolverContext context)
   at Microsoft.Extensions.DependencyInjection.ServiceLookup.CallSiteVisitor`2.VisitCallSite(ServiceCallSite callSite, TArgument argument)
   at Microsoft.Extensions.DependencyInjection.ServiceLookup.CallSiteRuntimeResolver.Resolve(ServiceCallSite callSite, ServiceProviderEngineScope scope)
   at Microsoft.Extensions.DependencyInjection.ServiceLookup.DynamicServiceProviderEngine.<>c__DisplayClass1_0.<RealizeService>b__0(ServiceProviderEngineScope scope)
   at Microsoft.Extensions.DependencyInjection.ServiceLookup.ServiceProviderEngine.GetService(Type serviceType, ServiceProviderEngineScope serviceProviderEngineScope)
   at Microsoft.Extensions.DependencyInjection.ServiceLookup.ServiceProviderEngineScope.GetService(Type serviceType)
   at Microsoft.Extensions.DependencyInjection.ServiceProviderServiceExtensions.GetRequiredService(IServiceProvider provider, Type serviceType)
   at #=zGOZIOkQorrnD7LXhrVtkHD687RQn.#=zxDIrXrY=(VidyanoModelContext #=zXRjr0so=, Schema #=z7SaNPdE=, Guid& #=zf0cvcGc=)
   at Vidyano.Service.Repository.DataLayer.InitializeArgs.EnsureTargetSchemaIsSynchronized()
   at Vidyano.Service.EntityFrameworkCore.Dto.RepositoryInitializer.Initialize(DefaultRepositoryProvider seedContext, InitializeArgs args)
   at Vidyano.Service.EntityFrameworkCore.Dto.DefaultRepositoryProvider.Initialize(InitializeArgs args)
   at #=zb8l2eBR5MH7_cvHH3_A7rJ4kNOLE.#=zhIcFm58=(Boolean #=zXQeUZFQ=)
Vidyano: 6.0.0-alpha', 76)
GO
INSERT [Vidyano].[Logs] ([ExternalId], [UserId], [CreatedOn], [Type], [Message], [Id]) VALUES (N'91e59ec9-c48c-418f-9b37-1d01010ed49d', N'c3541b24-a2c7-4afd-afa4-07f2a1cdd10f', CAST(N'2020-04-30T18:26:03.8240000+02:00' AS DateTimeOffset), 2, N'Failed sign in from ''::1''.', 10076)
GO
SET IDENTITY_INSERT [Vidyano].[Logs] OFF
GO
INSERT [Vidyano].[Settings] ([Key], [Value], [Description], [DataType], [IsSystem]) VALUES (N'AllowAutomaticRepositoryUpgrades', N'True', NULL, NULL, 1)
GO
INSERT [Vidyano].[Settings] ([Key], [Value], [Description], [DataType], [IsSystem]) VALUES (N'AllowWebsockets', N'True', NULL, NULL, 1)
GO
INSERT [Vidyano].[Settings] ([Key], [Value], [Description], [DataType], [IsSystem]) VALUES (N'AnalyticsKey', NULL, NULL, NULL, 1)
GO
INSERT [Vidyano].[Settings] ([Key], [Value], [Description], [DataType], [IsSystem]) VALUES (N'ClientSecurityData', N'{"Vidyano":{"isEnabled":true}}', NULL, NULL, 1)
GO
INSERT [Vidyano].[Settings] ([Key], [Value], [Description], [DataType], [IsSystem]) VALUES (N'Default Language', N'en', NULL, NULL, 1)
GO
INSERT [Vidyano].[Settings] ([Key], [Value], [Description], [DataType], [IsSystem]) VALUES (N'Default PageSize', N'', NULL, NULL, 1)
GO
INSERT [Vidyano].[Settings] ([Key], [Value], [Description], [DataType], [IsSystem]) VALUES (N'Default PersistentObject LoadingStrategy', N'IncludeReferences', NULL, NULL, 1)
GO
INSERT [Vidyano].[Settings] ([Key], [Value], [Description], [DataType], [IsSystem]) VALUES (N'Default QueryComputeTotalItems', N'True', NULL, NULL, 1)
GO
INSERT [Vidyano].[Settings] ([Key], [Value], [Description], [DataType], [IsSystem]) VALUES (N'Default QueryLayoutMode', N'MasterDetail', NULL, NULL, 1)
GO
INSERT [Vidyano].[Settings] ([Key], [Value], [Description], [DataType], [IsSystem]) VALUES (N'Default Text FilterOperation', N'StartsWith', NULL, NULL, 1)
GO
INSERT [Vidyano].[Settings] ([Key], [Value], [Description], [DataType], [IsSystem]) VALUES (N'Default TimeZone', N'', NULL, NULL, 1)
GO
INSERT [Vidyano].[Settings] ([Key], [Value], [Description], [DataType], [IsSystem]) VALUES (N'DeploymentReportsOverrides', N'{}', NULL, NULL, 1)
GO
INSERT [Vidyano].[Settings] ([Key], [Value], [Description], [DataType], [IsSystem]) VALUES (N'Docx2pdfApiKey (2sky)', N'', NULL, NULL, 1)
GO
INSERT [Vidyano].[Settings] ([Key], [Value], [Description], [DataType], [IsSystem]) VALUES (N'FeedbackNotificationEmailFrom', NULL, NULL, NULL, 1)
GO
INSERT [Vidyano].[Settings] ([Key], [Value], [Description], [DataType], [IsSystem]) VALUES (N'FeedbackNotificationEmailTo', NULL, NULL, NULL, 1)
GO
INSERT [Vidyano].[Settings] ([Key], [Value], [Description], [DataType], [IsSystem]) VALUES (N'JobSchedules', NULL, NULL, NULL, 1)
GO
INSERT [Vidyano].[Settings] ([Key], [Value], [Description], [DataType], [IsSystem]) VALUES (N'Log Retention', N'30', NULL, NULL, 1)
GO
INSERT [Vidyano].[Settings] ([Key], [Value], [Description], [DataType], [IsSystem]) VALUES (N'MicrosoftTranslatorAppId', NULL, NULL, NULL, 1)
GO
INSERT [Vidyano].[Settings] ([Key], [Value], [Description], [DataType], [IsSystem]) VALUES (N'Password Complexity', N'None', NULL, NULL, 1)
GO
INSERT [Vidyano].[Settings] ([Key], [Value], [Description], [DataType], [IsSystem]) VALUES (N'Password Minimum Length', N'8', NULL, NULL, 1)
GO
INSERT [Vidyano].[Settings] ([Key], [Value], [Description], [DataType], [IsSystem]) VALUES (N'PerformanceToken', N'', NULL, NULL, 1)
GO
INSERT [Vidyano].[Settings] ([Key], [Value], [Description], [DataType], [IsSystem]) VALUES (N'RepositoryVersion', N'61', NULL, NULL, 1)
GO
INSERT [Vidyano].[Settings] ([Key], [Value], [Description], [DataType], [IsSystem]) VALUES (N'ServiceVersion', N'6.0.0-alpha', NULL, NULL, 1)
GO
INSERT [Vidyano].[Settings] ([Key], [Value], [Description], [DataType], [IsSystem]) VALUES (N'Session Persistent Object', NULL, NULL, NULL, 1)
GO
INSERT [Vidyano].[Settings] ([Key], [Value], [Description], [DataType], [IsSystem]) VALUES (N'SmtpConfiguration', NULL, NULL, NULL, 1)
GO
INSERT [Vidyano].[Settings] ([Key], [Value], [Description], [DataType], [IsSystem]) VALUES (N'SynchronizeBlacklist', N'', NULL, NULL, 1)
GO
INSERT [Vidyano].[Settings] ([Key], [Value], [Description], [DataType], [IsSystem]) VALUES (N'SynchronizeSchema', N'IfEmpty', NULL, NULL, 1)
GO
INSERT [Vidyano].[Settings] ([Key], [Value], [Description], [DataType], [IsSystem]) VALUES (N'UseDirtyReads', N'False', NULL, NULL, 1)
GO
INSERT [Vidyano].[Settings] ([Key], [Value], [Description], [DataType], [IsSystem]) VALUES (N'Web Accent Color', N'#0c5d7d', NULL, NULL, 1)
GO
INSERT [Vidyano].[Settings] ([Key], [Value], [Description], [DataType], [IsSystem]) VALUES (N'Web2Version', N'2.1.0', NULL, NULL, 1)
GO
INSERT [Vidyano].[UserGroup] ([Users_Id], [Groups_Id]) VALUES (N'c3541b24-a2c7-4afd-afa4-07f2a1cdd10f', N'fe9429ba-d5cd-4e7c-bbe4-05a4c3497d97')
GO
INSERT [Vidyano].[UserGroup] ([Users_Id], [Groups_Id]) VALUES (N'e47e0a4f-916e-4f08-b438-7592a86278c4', N'fe9429ba-d5cd-4e7c-bbe4-05a4c3497d97')
GO
INSERT [Vidyano].[UserGroup] ([Users_Id], [Groups_Id]) VALUES (N'e47e0a4f-916e-4f08-b438-7592a86278c4', N'd3bd3312-0730-43d9-9bf4-9e14c75b00f7')
GO
INSERT [Vidyano].[Users] ([Id], [Name], [FriendlyName], [PasswordHash], [Language], [CultureInfo], [Version], [CreationDate], [LastLoginDate], [IsEnabled], [TwoFactorToken], [ResetPasswordNextLogin]) VALUES (N'c3541b24-a2c7-4afd-afa4-07f2a1cdd10f', N'Admin', NULL, N'$2a$14$y0YBvHHm/jNNXYUv1JYvQeXJKlNuzPOQgwWlx432emMyn5Ef09S0y', N'', N'', N'i3dr7apYqG6mMdKSa5KztKH-791k4CKZmOyVrXA26EI', CAST(N'2020-03-16T10:19:08.6954921+01:00' AS DateTimeOffset), CAST(N'2020-04-30T18:26:09.5059987+02:00' AS DateTimeOffset), 1, NULL, 0)
GO
INSERT [Vidyano].[Users] ([Id], [Name], [FriendlyName], [PasswordHash], [Language], [CultureInfo], [Version], [CreationDate], [LastLoginDate], [IsEnabled], [TwoFactorToken], [ResetPasswordNextLogin]) VALUES (N'e47e0a4f-916e-4f08-b438-7592a86278c4', N'User', NULL, N'$2a$13$sW/qWONKQrD2.jS/VCz2Ke0QTuEunvbg6TLxws63T5xIisBbJE1si', N'', N'', N'0', CAST(N'2020-03-16T10:19:08.6954921+01:00' AS DateTimeOffset), NULL, 1, NULL, 0)
GO
INSERT [Vidyano].[UserSettings] ([Id], [Settings]) VALUES (N'c3541b24-a2c7-4afd-afa4-07f2a1cdd10f', N'{"QueryGridSettings":{"54fd1386-46ad-4122-9fca-d85d83419e6e":{"Person":{"width":"279px"},"Car":{"width":"232px"}}},"QuerySettings":{"e1f35593-3e46-4f9a-b616-151a25539cb1":{"sortOptions":"VersionCdn ASC"}}}')
GO
/****** Object:  Index [IX_CompanyID]    Script Date: 07/05/2020 13:05:21 ******/
CREATE NONCLUSTERED INDEX [IX_CompanyID] ON [dbo].[Car]
(
	[CompanyID] ASC
)WITH (PAD_INDEX = OFF, STATISTICS_NORECOMPUTE = OFF, SORT_IN_TEMPDB = OFF, DROP_EXISTING = OFF, ONLINE = OFF, ALLOW_ROW_LOCKS = ON, ALLOW_PAGE_LOCKS = ON) ON [PRIMARY]
GO
/****** Object:  Index [IX_PersonCarID]    Script Date: 07/05/2020 13:05:21 ******/
CREATE NONCLUSTERED INDEX [IX_PersonCarID] ON [dbo].[Message]
(
	[PersonCarID] ASC
)WITH (PAD_INDEX = OFF, STATISTICS_NORECOMPUTE = OFF, SORT_IN_TEMPDB = OFF, DROP_EXISTING = OFF, ONLINE = OFF, ALLOW_ROW_LOCKS = ON, ALLOW_PAGE_LOCKS = ON) ON [PRIMARY]
GO
/****** Object:  Index [IX_PremadeMessageID]    Script Date: 07/05/2020 13:05:21 ******/
CREATE NONCLUSTERED INDEX [IX_PremadeMessageID] ON [dbo].[Message]
(
	[PremadeMessageID] ASC
)WITH (PAD_INDEX = OFF, STATISTICS_NORECOMPUTE = OFF, SORT_IN_TEMPDB = OFF, DROP_EXISTING = OFF, ONLINE = OFF, ALLOW_ROW_LOCKS = ON, ALLOW_PAGE_LOCKS = ON) ON [PRIMARY]
GO
/****** Object:  Index [IX_CarID]    Script Date: 07/05/2020 13:05:21 ******/
CREATE NONCLUSTERED INDEX [IX_CarID] ON [dbo].[PersonCar]
(
	[CarID] ASC
)WITH (PAD_INDEX = OFF, STATISTICS_NORECOMPUTE = OFF, SORT_IN_TEMPDB = OFF, DROP_EXISTING = OFF, ONLINE = OFF, ALLOW_ROW_LOCKS = ON, ALLOW_PAGE_LOCKS = ON) ON [PRIMARY]
GO
/****** Object:  Index [IX_PersonID]    Script Date: 07/05/2020 13:05:21 ******/
CREATE NONCLUSTERED INDEX [IX_PersonID] ON [dbo].[PersonCar]
(
	[PersonID] ASC
)WITH (PAD_INDEX = OFF, STATISTICS_NORECOMPUTE = OFF, SORT_IN_TEMPDB = OFF, DROP_EXISTING = OFF, ONLINE = OFF, ALLOW_ROW_LOCKS = ON, ALLOW_PAGE_LOCKS = ON) ON [PRIMARY]
GO
SET ANSI_PADDING ON
GO
/****** Object:  Index [UQ_Groups_Name]    Script Date: 07/05/2020 13:05:21 ******/
ALTER TABLE [Vidyano].[Groups] ADD  CONSTRAINT [UQ_Groups_Name] UNIQUE NONCLUSTERED 
(
	[Name] ASC
)WITH (PAD_INDEX = OFF, STATISTICS_NORECOMPUTE = OFF, SORT_IN_TEMPDB = OFF, IGNORE_DUP_KEY = OFF, ONLINE = OFF, ALLOW_ROW_LOCKS = ON, ALLOW_PAGE_LOCKS = ON) ON [PRIMARY]
GO
/****** Object:  Index [AK_Logs]    Script Date: 07/05/2020 13:05:21 ******/
CREATE UNIQUE NONCLUSTERED INDEX [AK_Logs] ON [Vidyano].[Logs]
(
	[ExternalId] ASC
)WITH (PAD_INDEX = OFF, STATISTICS_NORECOMPUTE = OFF, SORT_IN_TEMPDB = OFF, IGNORE_DUP_KEY = OFF, DROP_EXISTING = OFF, ONLINE = OFF, ALLOW_ROW_LOCKS = ON, ALLOW_PAGE_LOCKS = ON) ON [PRIMARY]
GO
/****** Object:  Index [IX_FK_UserGroup_Group]    Script Date: 07/05/2020 13:05:21 ******/
CREATE NONCLUSTERED INDEX [IX_FK_UserGroup_Group] ON [Vidyano].[UserGroup]
(
	[Groups_Id] ASC
)WITH (PAD_INDEX = OFF, STATISTICS_NORECOMPUTE = OFF, SORT_IN_TEMPDB = OFF, DROP_EXISTING = OFF, ONLINE = OFF, ALLOW_ROW_LOCKS = ON, ALLOW_PAGE_LOCKS = ON) ON [PRIMARY]
GO
SET ANSI_PADDING ON
GO
/****** Object:  Index [UQ_Users_Name]    Script Date: 07/05/2020 13:05:21 ******/
ALTER TABLE [Vidyano].[Users] ADD  CONSTRAINT [UQ_Users_Name] UNIQUE NONCLUSTERED 
(
	[Name] ASC
)WITH (PAD_INDEX = OFF, STATISTICS_NORECOMPUTE = OFF, SORT_IN_TEMPDB = OFF, IGNORE_DUP_KEY = OFF, ONLINE = OFF, ALLOW_ROW_LOCKS = ON, ALLOW_PAGE_LOCKS = ON) ON [PRIMARY]
GO
ALTER TABLE [Vidyano].[CacheUpdates] ADD  CONSTRAINT [CacheUpdates_DefaultTimestamp]  DEFAULT (sysdatetimeoffset()) FOR [Timestamp]
GO
ALTER TABLE [Vidyano].[UserNotifications] ADD  CONSTRAINT [DF_IsPropagated]  DEFAULT ((0)) FOR [IsPropagated]
GO
ALTER TABLE [Vidyano].[Users] ADD  CONSTRAINT [DF_Users_IsEnabled]  DEFAULT ((1)) FOR [IsEnabled]
GO
ALTER TABLE [Vidyano].[Users] ADD  CONSTRAINT [DF_Users_ResetPasswordNextLogin]  DEFAULT ((0)) FOR [ResetPasswordNextLogin]
GO
ALTER TABLE [dbo].[Car]  WITH CHECK ADD  CONSTRAINT [FK_dbo.Cars_dbo.Companies_CompanyID] FOREIGN KEY([CompanyID])
REFERENCES [dbo].[Company] ([CompanyID])
GO
ALTER TABLE [dbo].[Car] CHECK CONSTRAINT [FK_dbo.Cars_dbo.Companies_CompanyID]
GO
ALTER TABLE [dbo].[Message]  WITH CHECK ADD  CONSTRAINT [FK_dbo.Messages_dbo.PersonCars_PersonCarID] FOREIGN KEY([PersonCarID])
REFERENCES [dbo].[PersonCar] ([PersonCarID])
GO
ALTER TABLE [dbo].[Message] CHECK CONSTRAINT [FK_dbo.Messages_dbo.PersonCars_PersonCarID]
GO
ALTER TABLE [dbo].[Message]  WITH CHECK ADD  CONSTRAINT [FK_dbo.Messages_dbo.PremadeMessages_PremadeMessageID] FOREIGN KEY([PremadeMessageID])
REFERENCES [dbo].[PremadeMessage] ([PremadeMessageID])
GO
ALTER TABLE [dbo].[Message] CHECK CONSTRAINT [FK_dbo.Messages_dbo.PremadeMessages_PremadeMessageID]
GO
ALTER TABLE [dbo].[PersonCar]  WITH CHECK ADD  CONSTRAINT [FK_dbo.PersonCars_dbo.Cars_CarID] FOREIGN KEY([CarID])
REFERENCES [dbo].[Car] ([CarID])
GO
ALTER TABLE [dbo].[PersonCar] CHECK CONSTRAINT [FK_dbo.PersonCars_dbo.Cars_CarID]
GO
ALTER TABLE [dbo].[PersonCar]  WITH CHECK ADD  CONSTRAINT [FK_dbo.PersonCars_dbo.People_PersonID] FOREIGN KEY([PersonID])
REFERENCES [dbo].[Person] ([PersonID])
GO
ALTER TABLE [dbo].[PersonCar] CHECK CONSTRAINT [FK_dbo.PersonCars_dbo.People_PersonID]
GO
ALTER TABLE [Vidyano].[Logs]  WITH CHECK ADD  CONSTRAINT [FK_Logs_Users] FOREIGN KEY([UserId])
REFERENCES [Vidyano].[Users] ([Id])
ON DELETE CASCADE
GO
ALTER TABLE [Vidyano].[Logs] CHECK CONSTRAINT [FK_Logs_Users]
GO
ALTER TABLE [Vidyano].[UserGroup]  WITH CHECK ADD  CONSTRAINT [FK_UserGroup_Group] FOREIGN KEY([Groups_Id])
REFERENCES [Vidyano].[Groups] ([Id])
GO
ALTER TABLE [Vidyano].[UserGroup] CHECK CONSTRAINT [FK_UserGroup_Group]
GO
ALTER TABLE [Vidyano].[UserGroup]  WITH CHECK ADD  CONSTRAINT [FK_UserGroup_User] FOREIGN KEY([Users_Id])
REFERENCES [Vidyano].[Users] ([Id])
GO
ALTER TABLE [Vidyano].[UserGroup] CHECK CONSTRAINT [FK_UserGroup_User]
GO
ALTER TABLE [Vidyano].[UserNotifications]  WITH CHECK ADD  CONSTRAINT [FK_UserNotifications_User_UserId] FOREIGN KEY([UserId])
REFERENCES [Vidyano].[Users] ([Id])
ON DELETE CASCADE
GO
ALTER TABLE [Vidyano].[UserNotifications] CHECK CONSTRAINT [FK_UserNotifications_User_UserId]
GO
ALTER TABLE [Vidyano].[UserNotifications]  WITH CHECK ADD  CONSTRAINT [FK_UserNotifications_Users_CreatedBy] FOREIGN KEY([CreatedBy])
REFERENCES [Vidyano].[Users] ([Id])
GO
ALTER TABLE [Vidyano].[UserNotifications] CHECK CONSTRAINT [FK_UserNotifications_Users_CreatedBy]
GO
ALTER TABLE [Vidyano].[UserProfiles]  WITH CHECK ADD  CONSTRAINT [FK_UserProfiles_Users] FOREIGN KEY([Id])
REFERENCES [Vidyano].[Users] ([Id])
ON DELETE CASCADE
GO
ALTER TABLE [Vidyano].[UserProfiles] CHECK CONSTRAINT [FK_UserProfiles_Users]
GO
ALTER TABLE [Vidyano].[UserSettings]  WITH CHECK ADD  CONSTRAINT [FK_UserSettings_Users] FOREIGN KEY([Id])
REFERENCES [Vidyano].[Users] ([Id])
ON DELETE CASCADE
GO
ALTER TABLE [Vidyano].[UserSettings] CHECK CONSTRAINT [FK_UserSettings_Users]
GO
USE [master]
GO
ALTER DATABASE [AlprApp] SET  READ_WRITE 
GO
